dataset,split_1,split_2,split_3,split_4,split_5,split_6,split_7,split_8,split_9,split_10,split_11,split_12,split_13,split_14,split_15,split_16,split_17,split_18,split_19,split_20,split_21,split_22,split_23,split_24,split_25,split_26,split_27,split_28,split_29,split_30,min,max,mean,median,std,auroc,f1,nll,time
ACSF1,0.91000000,0.84000000,0.89000000,0.89000000,0.84000000,0.84000000,0.85000000,0.89000000,0.85000000,0.87000000,0.88000000,0.84000000,0.85000000,0.89000000,0.87000000,0.84000000,0.81000000,0.84000000,0.85000000,0.82000000,0.90000000,0.87000000,0.87000000,0.92000000,0.88000000,0.86000000,0.91000000,0.82000000,0.82000000,0.85000000,0.81000000,0.92000000,0.86200000,0.85500000,0.02891366,0.98333333,0.85991726,1.34692873,36.84815853
Adiac,0.84143223,0.87979540,0.83887468,0.86700767,0.87468031,0.87212276,0.85677749,0.83631714,0.84910486,0.87212276,0.86700767,0.85166240,0.84143223,0.86956522,0.87979540,0.85421995,0.86445013,0.89002558,0.85933504,0.86445013,0.84654731,0.86189258,0.83631714,0.84910486,0.85933504,0.86700767,0.90025575,0.87468031,0.86189258,0.89002558,0.83631714,0.90025575,0.86257460,0.86317136,0.01613394,0.99207812,0.85607755,2.50332199,38.72866960
ArrowHead,0.84571429,0.88571429,0.86857143,0.92000000,0.91428571,0.89714286,0.89714286,0.90857143,0.92000000,0.80000000,0.89714286,0.90285714,0.88000000,0.89714286,0.88000000,0.92571429,0.88571429,0.90285714,0.91428571,0.88000000,0.82285714,0.92000000,0.89714286,0.90285714,0.92571429,0.88000000,0.85714286,0.92000000,0.88000000,0.86857143,0.80000000,0.92571429,0.88990476,0.89714286,0.02917210,0.95825087,0.88839721,0.55476070,6.71387895
Beef,0.83333333,0.80000000,0.73333333,0.83333333,0.83333333,0.83333333,0.83333333,0.86666667,0.83333333,0.90000000,0.80000000,0.76666667,0.70000000,0.86666667,0.86666667,0.83333333,0.70000000,0.73333333,0.66666667,0.76666667,0.80000000,0.76666667,0.80000000,0.70000000,0.93333333,0.53333333,0.83333333,0.83333333,0.80000000,0.80000000,0.53333333,0.93333333,0.79333333,0.80000000,0.07765069,0.95847222,0.79173076,0.96979689,15.68793519
BeetleFly,0.95000000,1.00000000,0.95000000,0.95000000,0.95000000,1.00000000,1.00000000,0.95000000,1.00000000,0.95000000,0.95000000,0.95000000,0.75000000,0.90000000,0.85000000,0.95000000,0.95000000,0.90000000,0.90000000,0.90000000,0.75000000,0.75000000,0.85000000,1.00000000,0.95000000,0.90000000,1.00000000,0.90000000,1.00000000,0.95000000,0.75000000,1.00000000,0.92500000,0.95000000,0.07158911,0.98633333,0.92695152,0.43262018,9.69899390
BirdChicken,0.90000000,1.00000000,1.00000000,0.90000000,0.90000000,1.00000000,0.90000000,0.95000000,0.85000000,0.95000000,0.95000000,1.00000000,1.00000000,1.00000000,1.00000000,0.85000000,1.00000000,0.95000000,1.00000000,1.00000000,1.00000000,1.00000000,0.90000000,1.00000000,1.00000000,1.00000000,1.00000000,1.00000000,0.95000000,1.00000000,0.85000000,1.00000000,0.96500000,1.00000000,0.04856267,0.99866667,0.96821632,0.39356294,3.65792305
BME,1.00000000,1.00000000,1.00000000,1.00000000,1.00000000,1.00000000,1.00000000,1.00000000,1.00000000,1.00000000,1.00000000,1.00000000,1.00000000,1.00000000,1.00000000,1.00000000,1.00000000,0.99333333,1.00000000,1.00000000,1.00000000,1.00000000,1.00000000,1.00000000,1.00000000,1.00000000,1.00000000,1.00000000,1.00000000,1.00000000,0.99333333,1.00000000,0.99977778,1.00000000,0.00119670,1.00000000,0.99977776,0.33197734,11.46111079
Car,0.91666667,0.91666667,0.96666667,0.93333333,0.91666667,0.90000000,0.96666667,0.95000000,0.98333333,0.95000000,0.96666667,0.96666667,0.93333333,0.93333333,0.98333333,0.90000000,0.96666667,0.90000000,0.96666667,0.93333333,0.93333333,0.91666667,0.93333333,0.90000000,0.90000000,0.95000000,0.95000000,0.90000000,0.91666667,0.95000000,0.90000000,0.98333333,0.93666667,0.93333333,0.02631715,0.98709402,0.93681885,0.62474850,16.33301892
CBF,0.99888889,0.99222222,0.99666667,1.00000000,0.99888889,0.99888889,1.00000000,0.99111111,0.99222222,0.99000000,0.98888889,0.99222222,0.99888889,0.99000000,0.97666667,0.99888889,0.99888889,0.99777778,1.00000000,0.99666667,1.00000000,1.00000000,1.00000000,0.99888889,0.99888889,0.99222222,0.99888889,0.99444444,0.99777778,0.99777778,0.97666667,1.00000000,0.99588889,0.99833333,0.00503608,0.99988154,0.99588048,0.39400831,9.45253446
Chinatown,0.98250729,0.96793003,0.96793003,0.97084548,0.97376093,0.97667638,0.97084548,0.96209913,0.97084548,0.96793003,0.96501458,0.96793003,0.96501458,0.97667638,0.97959184,0.96793003,0.96501458,0.97084548,0.96209913,0.97667638,0.97376093,0.97959184,0.97667638,0.97959184,0.97084548,0.95626822,0.97376093,0.97084548,0.97667638,0.97667638,0.95626822,0.98250729,0.97142857,0.97084548,0.00604092,0.99182649,0.97974730,0.38405054,2.84742598
ChlorineConcentration,0.79062500,0.81927083,0.76718750,0.79713542,0.79192708,0.79270833,0.77526042,0.81067708,0.78437500,0.79192708,0.78098958,0.80859375,0.78593750,0.79166667,0.81302083,0.80234375,0.75937500,0.78854167,0.80833333,0.79114583,0.79010417,0.78671875,0.79322917,0.82500000,0.79739583,0.80546875,0.81041667,0.82135417,0.78177083,0.79713542,0.75937500,0.82500000,0.79532118,0.79231771,0.01498328,0.91226722,0.76676102,0.64172072,21.92558803
CinCECGTorso,0.99565217,0.98405797,0.98985507,0.99782609,0.99782609,0.99782609,0.95724638,0.99347826,0.99275362,0.99420290,1.00000000,0.99927536,0.98985507,0.99927536,0.98115942,0.99275362,0.99637681,0.99855072,0.99927536,0.99782609,0.99565217,0.99927536,0.99202899,0.99565217,0.99927536,0.99275362,0.99782609,0.99710145,0.99927536,0.99565217,0.95724638,1.00000000,0.99398551,0.99601449,0.00812575,0.99990656,0.99394752,0.48719087,36.27117618
Coffee,1.00000000,1.00000000,1.00000000,1.00000000,1.00000000,1.00000000,1.00000000,1.00000000,1.00000000,1.00000000,1.00000000,1.00000000,1.00000000,1.00000000,1.00000000,1.00000000,1.00000000,1.00000000,1.00000000,1.00000000,1.00000000,1.00000000,1.00000000,1.00000000,1.00000000,1.00000000,1.00000000,1.00000000,1.00000000,1.00000000,1.00000000,1.00000000,1.00000000,1.00000000,0.00000000,1.00000000,1.00000000,0.35964709,2.37766106
Computers,0.77200000,0.87600000,0.88000000,0.83600000,0.88000000,0.82800000,0.86000000,0.86000000,0.84400000,0.87600000,0.91200000,0.86000000,0.92000000,0.85600000,0.83600000,0.87200000,0.80800000,0.88800000,0.86400000,0.84800000,0.88800000,0.87600000,0.89200000,0.88400000,0.86000000,0.84800000,0.90000000,0.87600000,0.87200000,0.89600000,0.77200000,0.92000000,0.86560000,0.87200000,0.02985476,0.93814187,0.86876175,0.47804055,32.97323992
CricketX,0.82307692,0.83589744,0.85897436,0.85128205,0.84358974,0.83076923,0.85641026,0.84615385,0.88205128,0.83589744,0.84102564,0.85897436,0.83076923,0.84102564,0.84358974,0.83333333,0.87692308,0.84871795,0.84102564,0.84615385,0.85128205,0.84615385,0.85384615,0.85128205,0.84358974,0.85641026,0.84102564,0.86153846,0.82820513,0.83589744,0.82307692,0.88205128,0.84649573,0.84487179,0.01301954,0.98085925,0.84349274,1.54611272,28.33074094
CricketY,0.85128205,0.85897436,0.89230769,0.83076923,0.85641026,0.85128205,0.83076923,0.86666667,0.85641026,0.87692308,0.82307692,0.85384615,0.88974359,0.85128205,0.85384615,0.85897436,0.85128205,0.86410256,0.85128205,0.86666667,0.86153846,0.88461538,0.86666667,0.84615385,0.86666667,0.84615385,0.85128205,0.85128205,0.88205128,0.87692308,0.82307692,0.89230769,0.85897436,0.85641026,0.01617622,0.98495795,0.85774080,1.56835537,23.90183284
CricketZ,0.85384615,0.85128205,0.84358974,0.82564103,0.87692308,0.85128205,0.82307692,0.85897436,0.84358974,0.85897436,0.87692308,0.86153846,0.85128205,0.84358974,0.85128205,0.87435897,0.84102564,0.84102564,0.86410256,0.83333333,0.88205128,0.84102564,0.84615385,0.85641026,0.83589744,0.83076923,0.87692308,0.83589744,0.85897436,0.84102564,0.82307692,0.88205128,0.85102564,0.85128205,0.01551723,0.98204009,0.84836656,1.54487469,41.12002384
Crop,0.77994048,0.77589286,0.78029762,0.78166667,0.77809524,0.77755952,0.78208333,0.78166667,0.78101190,0.77636905,0.78005952,0.77607143,0.78077381,0.77946429,0.78077381,0.77678571,0.78232143,0.77946429,0.77916667,0.77732143,0.78208333,0.77958333,0.78053571,0.78089286,0.77869048,0.78166667,0.77726190,0.77440476,0.78142857,0.77785714,0.77440476,0.78232143,0.77937302,0.77976190,0.00212274,0.97562964,0.77616590,2.09726488,157.31185804
DiatomSizeReduction,0.96405229,0.99019608,0.96732026,0.96732026,0.93790850,0.99673203,0.92483660,0.97712418,0.98366013,0.99019608,0.97385621,0.99019608,0.96405229,0.98366013,0.90849673,0.92156863,0.98039216,0.93790850,0.98366013,0.85947712,0.99346405,0.95751634,0.93790850,0.95098039,0.95098039,0.97712418,0.97385621,0.98366013,0.98039216,0.94444444,0.85947712,0.99673203,0.96176471,0.97058824,0.02979835,0.99476429,0.94298017,0.49184683,8.86925306
DistalPhalanxOutlineAgeGroup,0.76978417,0.85611511,0.88489209,0.88489209,0.87769784,0.81294964,0.85611511,0.83453237,0.79856115,0.86330935,0.80575540,0.81294964,0.87769784,0.87050360,0.79856115,0.83453237,0.81294964,0.79856115,0.79136691,0.84892086,0.82014388,0.81294964,0.79856115,0.78417266,0.77697842,0.80575540,0.82733813,0.77697842,0.85611511,0.80575540,0.76978417,0.88489209,0.82517986,0.81294964,0.03410760,0.92956983,0.80190990,0.54670448,23.65492908
DistalPhalanxOutlineCorrect,0.80072464,0.85144928,0.85869565,0.86956522,0.79710145,0.88768116,0.82608696,0.84057971,0.84420290,0.85869565,0.85144928,0.87681159,0.84057971,0.86956522,0.84057971,0.81884058,0.84420290,0.88043478,0.86594203,0.82971014,0.85869565,0.86231884,0.85869565,0.87681159,0.84782609,0.88768116,0.83333333,0.84420290,0.82246377,0.85507246,0.79710145,0.88768116,0.85000000,0.85144928,0.02258034,0.92248385,0.88042914,0.48684787,18.99116883
DistalPhalanxTW,0.69064748,0.78417266,0.79136691,0.80575540,0.76258993,0.76978417,0.79856115,0.74100719,0.80575540,0.76258993,0.81294964,0.78417266,0.75539568,0.81294964,0.76258993,0.75539568,0.75539568,0.76978417,0.80575540,0.78417266,0.73381295,0.79136691,0.81294964,0.77697842,0.78417266,0.75539568,0.79856115,0.78417266,0.74820144,0.73381295,0.69064748,0.81294964,0.77434053,0.78057554,0.02807804,0.92391160,0.52216469,0.95516614,26.90958408
Earthquakes,0.74820144,0.81294964,0.78417266,0.81294964,0.79136691,0.79136691,0.79856115,0.81294964,0.76258993,0.81294964,0.79136691,0.79136691,0.78417266,0.78417266,0.80575540,0.81294964,0.77697842,0.78417266,0.81294964,0.80575540,0.75539568,0.78417266,0.77697842,0.77697842,0.81294964,0.79856115,0.79136691,0.79856115,0.81294964,0.81294964,0.74820144,0.81294964,0.79328537,0.79136691,0.01781050,0.67742525,0.15530549,0.53820819,43.58379383
ECG200,0.91000000,0.92000000,0.91000000,0.89000000,0.94000000,0.89000000,0.91000000,0.91000000,0.90000000,0.90000000,0.90000000,0.91000000,0.87000000,0.91000000,0.88000000,0.93000000,0.91000000,0.89000000,0.94000000,0.92000000,0.87000000,0.95000000,0.86000000,0.90000000,0.89000000,0.90000000,0.94000000,0.91000000,0.86000000,0.93000000,0.86000000,0.95000000,0.90500000,0.91000000,0.02291288,0.96081165,0.92812927,0.43763163,4.55685120
ECG5000,0.95044444,0.95111111,0.94711111,0.94600000,0.94955556,0.95177778,0.94844444,0.94822222,0.94977778,0.94822222,0.94644444,0.95088889,0.94644444,0.95044444,0.95111111,0.95044444,0.94311111,0.95244444,0.94777778,0.94577778,0.94822222,0.94933333,0.94600000,0.94666667,0.94644444,0.94844444,0.95311111,0.94933333,0.94888889,0.95088889,0.94311111,0.95311111,0.94876296,0.94866667,0.00226455,0.92282106,0.58823413,0.55954180,37.11454885
ECGFiveDays,1.00000000,1.00000000,0.99419280,0.99651568,1.00000000,0.98954704,0.99883856,0.99186992,0.97793264,0.99070848,1.00000000,0.99535424,1.00000000,1.00000000,1.00000000,1.00000000,1.00000000,0.99883856,1.00000000,0.99767712,0.99651568,0.99883856,1.00000000,1.00000000,1.00000000,0.99767712,0.99883856,1.00000000,0.99419280,0.98954704,0.97793264,1.00000000,0.99690283,0.99883856,0.00482926,0.99999047,0.99693027,0.37244476,5.01918079
ElectricDevices,0.78212943,0.91440799,0.91596421,0.91726106,0.91635326,0.91427830,0.92270782,0.91739074,0.91090650,0.91557515,0.91933601,0.91388925,0.90999870,0.91790948,0.91544547,0.91557515,0.91570484,0.91596421,0.91570484,0.91557515,0.92141097,0.91531578,0.91842822,0.91700169,0.91427830,0.91233303,0.91453767,0.91803916,0.91777980,0.91803916,0.78212943,0.92270782,0.91164138,0.91570484,0.02418983,0.98768114,0.88863063,0.87623765,227.24884662
EOGHorizontalSignal,0.57458564,0.88674033,0.87569061,0.86187845,0.85359116,0.87292818,0.85359116,0.86740331,0.88397790,0.87569061,0.89226519,0.87845304,0.85911602,0.89226519,0.85911602,0.85911602,0.89226519,0.88674033,0.86740331,0.88121547,0.86740331,0.86187845,0.87569061,0.85911602,0.86187845,0.88121547,0.88121547,0.87016575,0.87016575,0.83977901,0.57458564,0.89226519,0.86141805,0.87016575,0.05477274,0.98189789,0.85895979,1.53782689,174.53459142
EOGVerticalSignal,0.51104972,0.81767956,0.78729282,0.81767956,0.83149171,0.81215470,0.81767956,0.78453039,0.80386740,0.81767956,0.79281768,0.83701657,0.82320442,0.79558011,0.82044199,0.79558011,0.82044199,0.80110497,0.81491713,0.80110497,0.78729282,0.83701657,0.83149171,0.80939227,0.80939227,0.81767956,0.80939227,0.81215470,0.80939227,0.84806630,0.51104972,0.84806630,0.80248619,0.81215470,0.05621960,0.96550353,0.79609297,1.62106731,177.93660740
EthanolLevel,0.64400000,0.69200000,0.72800000,0.71600000,0.73600000,0.73400000,0.71600000,0.72000000,0.72400000,0.72800000,0.72800000,0.73000000,0.72200000,0.71200000,0.74600000,0.71200000,0.74800000,0.74000000,0.72400000,0.71400000,0.72400000,0.74400000,0.73200000,0.73600000,0.72000000,0.71600000,0.71600000,0.71800000,0.73400000,0.72600000,0.64400000,0.74800000,0.72266667,0.72400000,0.01865714,0.89469372,0.71540194,0.93305135,53.80954783
FaceAll,0.87455621,0.98402367,0.99289941,0.99112426,0.98994083,0.98816568,0.98639053,0.99112426,0.98224852,0.98875740,0.99230769,0.99053254,0.98994083,0.98875740,0.98816568,0.99230769,0.98639053,0.99349112,0.98757396,0.98994083,0.98875740,0.98757396,0.98757396,0.98698225,0.98757396,0.99053254,0.98934911,0.99230769,0.99053254,0.99408284,0.87455621,0.99408284,0.98546351,0.98905325,0.02076279,0.99968899,0.98411620,1.26599504,41.00080226
FaceFour,0.94318182,0.98863636,0.97727273,0.97727273,1.00000000,0.98863636,0.96590909,1.00000000,0.89772727,1.00000000,1.00000000,0.95454545,0.95454545,0.93181818,1.00000000,0.93181818,1.00000000,0.88636364,1.00000000,1.00000000,1.00000000,0.93181818,1.00000000,1.00000000,1.00000000,0.97727273,0.93181818,0.97727273,0.96590909,0.89772727,0.88636364,1.00000000,0.96931818,0.97727273,0.03473508,0.99601179,0.97101480,0.62383592,3.77990648
FacesUCR,0.96439024,0.97853659,0.95902439,0.97902439,0.97463415,0.97414634,0.97414634,0.97463415,0.97609756,0.97317073,0.97658537,0.97365854,0.97804878,0.98000000,0.97560976,0.97024390,0.97024390,0.96829268,0.98000000,0.97268293,0.97658537,0.97707317,0.98292683,0.97317073,0.97804878,0.97317073,0.98243902,0.97560976,0.97365854,0.97756098,0.95902439,0.98292683,0.97478049,0.97512195,0.00486690,0.99854539,0.96533183,1.41507290,37.01963972
FiftyWords,0.86373626,0.83296703,0.85494505,0.86813187,0.87032967,0.86593407,0.86813187,0.84835165,0.87692308,0.85934066,0.86593407,0.85714286,0.86813187,0.86813187,0.87032967,0.88351648,0.85934066,0.88791209,0.85494505,0.87252747,0.88351648,0.87032967,0.85494505,0.86593407,0.88131868,0.87692308,0.85054945,0.88791209,0.86373626,0.87032967,0.83296703,0.88791209,0.86673993,0.86813187,0.01204432,0.98852820,0.79806391,2.79878149,27.85693298
Fish,0.98857143,0.99428571,0.97714286,0.96571429,0.98285714,0.98857143,0.98285714,0.98857143,1.00000000,0.99428571,0.98857143,0.99428571,0.97714286,0.98285714,1.00000000,0.97142857,0.97142857,0.98857143,0.97142857,0.98285714,0.98857143,0.97714286,0.98857143,0.99428571,0.97142857,0.96571429,0.98857143,0.98285714,0.98285714,0.98285714,0.96571429,1.00000000,0.98380952,0.98285714,0.00922385,0.99774720,0.98377618,0.80686928,36.37885685
FordA,0.96363636,0.96666667,0.96439394,0.94696970,0.96136364,0.96212121,0.96742424,0.95681818,0.96363636,0.96136364,0.96818182,0.96590909,0.96590909,0.96666667,0.96212121,0.94924242,0.95681818,0.96818182,0.96060606,0.96363636,0.96136364,0.96287879,0.96363636,0.95833333,0.96590909,0.96060606,0.96818182,0.96363636,0.96515152,0.96287879,0.94696970,0.96818182,0.96247475,0.96363636,0.00489300,0.99350652,0.96153796,0.38135160,59.49370631
FordB,0.83086420,0.92839506,0.94197531,0.93086420,0.94444444,0.94197531,0.95555556,0.94567901,0.94814815,0.93950617,0.94074074,0.93086420,0.93703704,0.95555556,0.92839506,0.92962963,0.93827160,0.93950617,0.93580247,0.95432099,0.94444444,0.92592593,0.94074074,0.93086420,0.93827160,0.95061728,0.95555556,0.93333333,0.95185185,0.94691358,0.83086420,0.95555556,0.93720165,0.94012346,0.02156960,0.98195220,0.93633528,0.40496431,56.58446092
FreezerRegularTrain,0.99929825,0.99929825,0.99719298,0.99719298,0.99719298,0.99614035,0.99649123,0.99754386,0.99894737,0.99894737,0.99719298,0.99754386,0.99859649,0.99543860,0.99614035,0.99684211,0.99929825,0.99649123,0.99859649,0.99263158,0.99719298,0.99754386,0.99719298,0.99894737,0.99964912,0.99684211,0.99894737,0.99894737,0.99859649,0.99684211,0.99263158,0.99964912,0.99759064,0.99736842,0.00145726,0.99888446,0.99758327,0.34463906,29.69141771
FreezerSmallTrain,0.97824561,0.98701754,0.97333333,0.99368421,0.91052632,0.91789474,0.94456140,0.97403509,0.98350877,0.99228070,0.99438596,0.99298246,0.99087719,0.99192982,0.95122807,0.99122807,0.99684211,0.92842105,0.98526316,0.99228070,0.94035088,0.98175439,0.98807018,0.99192982,0.90877193,0.98596491,0.98877193,0.98912281,0.96561404,0.99578947,0.90877193,0.99684211,0.97355556,0.98649123,0.02670642,0.99575646,0.97302160,0.41259689,21.32119405
GunPoint,1.00000000,1.00000000,0.99333333,1.00000000,1.00000000,1.00000000,1.00000000,0.97333333,1.00000000,1.00000000,1.00000000,1.00000000,0.99333333,1.00000000,1.00000000,1.00000000,1.00000000,1.00000000,1.00000000,1.00000000,1.00000000,1.00000000,1.00000000,0.99333333,1.00000000,0.99333333,0.99333333,0.99333333,1.00000000,1.00000000,0.97333333,1.00000000,0.99777778,1.00000000,0.00525874,0.99994667,0.99779238,0.35534090,17.06740263
GunPointAgeSpan,1.00000000,0.98417722,0.99683544,1.00000000,0.99683544,0.99683544,0.99683544,1.00000000,0.99683544,1.00000000,0.98417722,0.99683544,1.00000000,1.00000000,1.00000000,1.00000000,1.00000000,0.99683544,1.00000000,0.98417722,0.98101266,1.00000000,0.99367089,0.99683544,1.00000000,0.99683544,0.99683544,1.00000000,1.00000000,0.99683544,0.98101266,1.00000000,0.99641350,0.99683544,0.00540348,0.99994525,0.99634173,0.34086115,16.08656557
GunPointMaleVersusFemale,1.00000000,1.00000000,1.00000000,1.00000000,1.00000000,1.00000000,1.00000000,1.00000000,1.00000000,1.00000000,1.00000000,1.00000000,1.00000000,1.00000000,1.00000000,1.00000000,1.00000000,1.00000000,1.00000000,1.00000000,1.00000000,1.00000000,1.00000000,1.00000000,1.00000000,1.00000000,1.00000000,1.00000000,1.00000000,1.00000000,1.00000000,1.00000000,1.00000000,1.00000000,0.00000000,1.00000000,1.00000000,0.33134778,20.97432208
GunPointOldVersusYoung,1.00000000,1.00000000,1.00000000,1.00000000,1.00000000,1.00000000,1.00000000,1.00000000,1.00000000,1.00000000,1.00000000,1.00000000,1.00000000,1.00000000,1.00000000,1.00000000,1.00000000,1.00000000,1.00000000,1.00000000,1.00000000,1.00000000,1.00000000,0.99682540,1.00000000,1.00000000,1.00000000,1.00000000,1.00000000,1.00000000,0.99682540,1.00000000,0.99989418,1.00000000,0.00056986,1.00000000,0.99989930,0.31691779,16.37427094
Ham,0.74285714,0.89523810,0.85714286,0.86666667,0.86666667,0.85714286,0.86666667,0.90476190,0.82857143,0.87619048,0.80000000,0.87619048,0.85714286,0.86666667,0.84761905,0.86666667,0.80952381,0.86666667,0.85714286,0.92380952,0.88571429,0.89523810,0.89523810,0.89523810,0.78095238,0.86666667,0.82857143,0.93333333,0.85714286,0.89523810,0.74285714,0.93333333,0.86222222,0.86666667,0.03970666,0.93215928,0.86799755,0.49118430,15.45606914
Haptics,0.55519481,0.55194805,0.58116883,0.52922078,0.56168831,0.60064935,0.54870130,0.57467532,0.56168831,0.57142857,0.57792208,0.58441558,0.57142857,0.55844156,0.57792208,0.54870130,0.58441558,0.59415584,0.56493506,0.59090909,0.60064935,0.56168831,0.58766234,0.57142857,0.59415584,0.61363636,0.59740260,0.56493506,0.60389610,0.55519481,0.52922078,0.61363636,0.57467532,0.57305195,0.01946247,0.82646340,0.56279668,1.24538837,23.46683869
Herring,0.76562500,0.64062500,0.64062500,0.67187500,0.65625000,0.70312500,0.51562500,0.59375000,0.62500000,0.68750000,0.62500000,0.59375000,0.60937500,0.59375000,0.67187500,0.64062500,0.65625000,0.64062500,0.62500000,0.75000000,0.54687500,0.59375000,0.64062500,0.62500000,0.60937500,0.65625000,0.64062500,0.67187500,0.46875000,0.64062500,0.46875000,0.76562500,0.63333333,0.64062500,0.05814702,0.67696986,0.52181092,0.63625309,17.23331909
HouseTwenty,0.98319328,0.98319328,0.96638655,0.98319328,0.98319328,0.98319328,0.99159664,0.98319328,0.98319328,0.96638655,0.99159664,1.00000000,0.97478992,0.96638655,0.97478992,0.98319328,0.99159664,0.97478992,0.92436975,0.99159664,0.97478992,0.98319328,0.99159664,0.97478992,0.99159664,0.97478992,0.96638655,0.99159664,0.94957983,0.98319328,0.92436975,1.00000000,0.97871148,0.98319328,0.01451186,0.99418976,0.97525660,0.38151369,40.72307373
InlineSkate,0.51454545,0.55818182,0.53454545,0.53090909,0.50545455,0.56363636,0.51818182,0.50545455,0.51090909,0.52181818,0.53818182,0.56000000,0.54909091,0.52727273,0.51272727,0.51090909,0.51272727,0.54363636,0.58545455,0.51090909,0.53818182,0.55818182,0.53636364,0.57090909,0.53272727,0.55818182,0.49636364,0.53636364,0.53090909,0.53636364,0.49636364,0.58545455,0.53363636,0.53363636,0.02166487,0.85470312,0.54730740,1.55790631,77.04254964
InsectEPGRegularTrain,1.00000000,1.00000000,1.00000000,1.00000000,1.00000000,1.00000000,1.00000000,1.00000000,1.00000000,1.00000000,1.00000000,1.00000000,1.00000000,1.00000000,1.00000000,1.00000000,1.00000000,1.00000000,1.00000000,1.00000000,1.00000000,1.00000000,1.00000000,1.00000000,1.00000000,1.00000000,1.00000000,1.00000000,1.00000000,1.00000000,1.00000000,1.00000000,1.00000000,1.00000000,0.00000000,1.00000000,1.00000000,0.26656788,48.17666735
InsectEPGSmallTrain,1.00000000,1.00000000,1.00000000,1.00000000,0.99196787,1.00000000,1.00000000,1.00000000,1.00000000,1.00000000,1.00000000,1.00000000,0.93574297,1.00000000,1.00000000,1.00000000,1.00000000,1.00000000,0.96385542,1.00000000,1.00000000,1.00000000,1.00000000,1.00000000,1.00000000,0.99598394,1.00000000,1.00000000,1.00000000,1.00000000,0.93574297,1.00000000,0.99625167,1.00000000,0.01303143,0.99931436,0.99532019,0.32653186,16.41216249
InsectWingbeatSound,0.66414141,0.67878788,0.66414141,0.68383838,0.68737374,0.68232323,0.66363636,0.65202020,0.66868687,0.65252525,0.67777778,0.68181818,0.66868687,0.65606061,0.65656566,0.66515152,0.65505051,0.67525253,0.67777778,0.67777778,0.65656566,0.67373737,0.67828283,0.67626263,0.66313131,0.65555556,0.67525253,0.67020202,0.67777778,0.67474747,0.65202020,0.68737374,0.66969697,0.67196970,0.01016562,0.94334353,0.66274443,1.66732304,27.08926480
ItalyPowerDemand,0.96112731,0.95529640,0.95724004,0.96404276,0.96209913,0.96890185,0.96598639,0.96890185,0.97278912,0.96307094,0.96695821,0.96793003,0.96695821,0.96209913,0.94752187,0.96307094,0.97181730,0.96987366,0.97084548,0.92517007,0.96793003,0.96404276,0.96307094,0.96695821,0.96015549,0.95918367,0.95918367,0.95335277,0.95724004,0.96209913,0.92517007,0.97278912,0.96216391,0.96307094,0.00888893,0.99054034,0.96213502,0.37755706,5.16212503
LargeKitchenAppliances,0.87733333,0.94400000,0.95466667,0.95200000,0.95200000,0.95200000,0.95733333,0.96000000,0.93333333,0.95466667,0.94400000,0.93333333,0.94933333,0.94133333,0.94400000,0.94133333,0.95200000,0.94133333,0.94133333,0.94933333,0.95200000,0.96266667,0.94666667,0.94666667,0.93600000,0.94400000,0.95466667,0.93866667,0.94400000,0.95200000,0.87733333,0.96266667,0.94506667,0.94666667,0.01453435,0.98111858,0.94506353,0.41922407,74.29580912
Lightning2,0.70491803,0.78688525,0.80327869,0.81967213,0.81967213,0.86885246,0.88524590,0.90163934,0.91803279,0.78688525,0.77049180,0.83606557,0.77049180,0.73770492,0.78688525,0.72131148,0.85245902,0.83606557,0.90163934,0.80327869,0.73770492,0.78688525,0.86885246,0.77049180,0.88524590,0.83606557,0.78688525,0.83606557,0.86885246,0.81967213,0.70491803,0.91803279,0.81693989,0.81967213,0.05487656,0.90547902,0.85462051,0.51849250,20.06231673
Lightning7,0.84931507,0.82191781,0.80821918,0.76712329,0.79452055,0.79452055,0.80821918,0.72602740,0.83561644,0.84931507,0.75342466,0.87671233,0.83561644,0.87671233,0.76712329,0.84931507,0.79452055,0.79452055,0.80821918,0.80821918,0.73972603,0.79452055,0.79452055,0.78082192,0.89041096,0.83561644,0.78082192,0.89041096,0.80821918,0.83561644,0.72602740,0.89041096,0.81232877,0.80821918,0.04127056,0.97849050,0.81305547,1.15479005,10.32135920
Mallat,0.94925373,0.98123667,0.96929638,0.98251599,0.97782516,0.98294243,0.97142857,0.98933902,0.97697228,0.98422175,0.97995736,0.98336887,0.97910448,0.96460554,0.98081023,0.97867804,0.97569296,0.98464819,0.98848614,0.97867804,0.98379531,0.98464819,0.97739872,0.98507463,0.98678038,0.98251599,0.97654584,0.97953092,0.98763326,0.97228145,0.94925373,0.98933902,0.97917555,0.98038380,0.00788400,0.99951048,0.97912553,0.96927942,51.63169038
Meat,0.95000000,1.00000000,0.98333333,0.98333333,1.00000000,1.00000000,1.00000000,0.96666667,1.00000000,0.98333333,0.96666667,1.00000000,1.00000000,1.00000000,0.98333333,1.00000000,1.00000000,1.00000000,1.00000000,0.98333333,0.98333333,1.00000000,1.00000000,0.96666667,1.00000000,1.00000000,1.00000000,1.00000000,1.00000000,0.95000000,0.95000000,1.00000000,0.99000000,1.00000000,0.01527525,0.99991667,0.98997799,0.33305903,8.75458743
MedicalImages,0.78815789,0.81447368,0.78815789,0.82631579,0.81184211,0.81973684,0.82236842,0.80263158,0.82763158,0.80789474,0.77763158,0.82368421,0.83157895,0.83289474,0.82500000,0.81315789,0.81315789,0.81315789,0.80526316,0.83157895,0.80921053,0.81578947,0.82368421,0.79868421,0.81184211,0.81184211,0.81315789,0.83815789,0.83815789,0.82105263,0.77763158,0.83815789,0.81526316,0.81381579,0.01422676,0.96943134,0.77738448,1.34693729,21.71875085
MiddlePhalanxOutlineAgeGroup,0.61688312,0.71428571,0.74675325,0.74675325,0.71428571,0.75974026,0.72727273,0.70129870,0.75974026,0.74675325,0.74675325,0.74025974,0.66883117,0.72077922,0.75324675,0.77272727,0.74025974,0.74025974,0.77922078,0.74675325,0.74675325,0.75324675,0.72727273,0.72727273,0.78571429,0.70779221,0.73376623,0.74025974,0.66883117,0.79220779,0.61688312,0.79220779,0.73419913,0.74025974,0.03552422,0.84192442,0.65774365,0.70254000,25.95359692
MiddlePhalanxOutlineCorrect,0.85567010,0.87285223,0.88659794,0.83505155,0.91065292,0.85910653,0.84192440,0.87285223,0.81786942,0.83505155,0.85223368,0.86941581,0.82817869,0.85223368,0.85567010,0.80412371,0.85910653,0.83161512,0.86254296,0.86597938,0.86597938,0.85223368,0.83161512,0.87285223,0.87628866,0.86597938,0.85567010,0.86597938,0.85223368,0.85223368,0.80412371,0.91065292,0.85532646,0.85567010,0.02087187,0.93214743,0.88819590,0.47809995,25.62945261
MiddlePhalanxTW,0.51298701,0.60389610,0.59740260,0.59740260,0.61688312,0.58441558,0.56493506,0.59740260,0.58441558,0.59740260,0.59090909,0.59740260,0.64285714,0.61038961,0.59740260,0.58441558,0.57142857,0.64935065,0.60389610,0.59090909,0.56493506,0.59740260,0.57792208,0.57792208,0.61688312,0.63636364,0.63636364,0.55844156,0.61038961,0.59090909,0.51298701,0.64935065,0.59545455,0.59740260,0.02688604,0.80137755,0.36937869,1.23169876,30.25476505
MixedShapesRegularTrain,0.98597938,0.98721649,0.98680412,0.98804124,0.98268041,0.98762887,0.98474227,0.98721649,0.98309278,0.98762887,0.98556701,0.98845361,0.98597938,0.98597938,0.98391753,0.98639175,0.98597938,0.98515464,0.98969072,0.98226804,0.99010309,0.98103093,0.98639175,0.98185567,0.98680412,0.98556701,0.98350515,0.98762887,0.98226804,0.98391753,0.98103093,0.99010309,0.98564948,0.98597938,0.00228212,0.99953762,0.98566948,0.52867082,55.19836720
MixedShapesSmallTrain,0.97278351,0.96000000,0.96865979,0.96907216,0.95628866,0.95958763,0.97154639,0.96824742,0.96824742,0.96206186,0.96783505,0.97072165,0.95752577,0.96247423,0.96247423,0.95917526,0.97278351,0.96082474,0.95340206,0.96000000,0.97237113,0.96082474,0.96206186,0.97195876,0.96288660,0.97360825,0.96783505,0.96494845,0.97443299,0.96041237,0.95340206,0.97443299,0.96516838,0.96391753,0.00576999,0.99721200,0.96490651,0.61141328,52.11671314
MoteStrain,0.90894569,0.92172524,0.91533546,0.94488818,0.94568690,0.93210863,0.90255591,0.95527157,0.91533546,0.95926518,0.88498403,0.89376997,0.93849840,0.90495208,0.94488818,0.94408946,0.92571885,0.91613419,0.93849840,0.90255591,0.94888179,0.90255591,0.93130990,0.93370607,0.89856230,0.92172524,0.88019169,0.82108626,0.91853035,0.93210863,0.82108626,0.95926518,0.91946219,0.92172524,0.02737810,0.97354904,0.91364549,0.47367636,8.16844988
OliveOil,0.96666667,0.93333333,0.90000000,0.90000000,0.86666667,0.93333333,0.86666667,0.90000000,0.90000000,0.90000000,0.96666667,1.00000000,0.96666667,0.90000000,0.86666667,0.90000000,0.96666667,0.83333333,0.90000000,0.83333333,0.90000000,0.96666667,0.90000000,0.86666667,0.93333333,0.90000000,0.90000000,0.90000000,0.93333333,0.83333333,0.83333333,1.00000000,0.90777778,0.90000000,0.04188462,0.98470509,0.88209102,0.61833504,5.29052423
OSULeaf,0.98760331,0.98760331,0.96694215,0.97933884,0.97933884,0.97933884,0.96694215,0.97933884,0.98760331,0.98347107,0.99586777,0.97933884,0.98760331,0.98760331,0.97520661,0.97520661,0.97933884,0.97933884,0.98760331,0.98760331,0.98760331,0.97933884,0.97520661,0.97933884,0.98760331,0.97933884,0.98760331,0.97107438,0.97933884,0.96694215,0.96694215,0.99586777,0.98085399,0.97933884,0.00703559,0.99820367,0.98105685,0.73784798,12.25238970
PhalangesOutlinesCorrect,0.84965035,0.86363636,0.87062937,0.85547786,0.88461538,0.85547786,0.87529138,0.86946387,0.87762238,0.84848485,0.87878788,0.87412587,0.88228438,0.86013986,0.87062937,0.85081585,0.86247086,0.86480186,0.87412587,0.85664336,0.89044289,0.87762238,0.85897436,0.87529138,0.86713287,0.87412587,0.88461538,0.86480186,0.85314685,0.88111888,0.84848485,0.89044289,0.86841492,0.87004662,0.01133336,0.93216181,0.90102516,0.47637563,29.83959309
PigAirwayPressure,0.89423077,0.90865385,0.87019231,0.87500000,0.85576923,0.87019231,0.87980769,0.84615385,0.85096154,0.88942308,0.83173077,0.84134615,0.89423077,0.86538462,0.86538462,0.86538462,0.80769231,0.87019231,0.90384615,0.87980769,0.87500000,0.87980769,0.87980769,0.87980769,0.87019231,0.88942308,0.88461538,0.89423077,0.87500000,0.88942308,0.80769231,0.90865385,0.87275641,0.87500000,0.02116598,0.99423548,0.86790188,3.24138496,26.24461263
PigArtPressure,0.99038462,0.96153846,0.97115385,0.94230769,0.96153846,0.96153846,0.96153846,0.94711538,0.98557692,0.93750000,0.97115385,0.95673077,0.93750000,0.95673077,0.96153846,0.94711538,0.94711538,0.93750000,0.98557692,0.96634615,0.98557692,0.97115385,0.98076923,0.93750000,0.92788462,0.90384615,0.93269231,0.97115385,0.95192308,0.96153846,0.90384615,0.99038462,0.95705128,0.96153846,0.01954603,0.99945246,0.95395850,2.62938703,63.80884131
PigCVP,0.95192308,0.87980769,0.87500000,0.90865385,0.92788462,0.88942308,0.89903846,0.88942308,0.93269231,0.89903846,0.93269231,0.89423077,0.91346154,0.90384615,0.91346154,0.91346154,0.92788462,0.91346154,0.90384615,0.90384615,0.90384615,0.89423077,0.89903846,0.91826923,0.87500000,0.93750000,0.88942308,0.89903846,0.90384615,0.88942308,0.87500000,0.95192308,0.90608974,0.90384615,0.01831696,0.99317810,0.89963614,2.97715931,25.29171858
Plane,1.00000000,1.00000000,1.00000000,1.00000000,1.00000000,1.00000000,1.00000000,1.00000000,1.00000000,1.00000000,1.00000000,1.00000000,1.00000000,1.00000000,1.00000000,1.00000000,1.00000000,1.00000000,1.00000000,1.00000000,1.00000000,1.00000000,1.00000000,1.00000000,1.00000000,1.00000000,1.00000000,1.00000000,1.00000000,1.00000000,1.00000000,1.00000000,1.00000000,1.00000000,0.00000000,1.00000000,1.00000000,0.63457338,11.41072416
PowerCons,0.97777778,0.98888889,0.96111111,0.98333333,0.97777778,0.98888889,0.96666667,0.96666667,0.97777778,0.96111111,0.98888889,0.98888889,0.96111111,0.94444444,0.95555556,0.96666667,0.97222222,0.95555556,0.96666667,0.97777778,0.96666667,1.00000000,0.96111111,0.97222222,0.96111111,0.96666667,0.96111111,0.97777778,0.99444444,0.96111111,0.94444444,1.00000000,0.97166667,0.96666667,0.01293781,0.99669547,0.97174049,0.37513047,15.09336746
ProximalPhalanxOutlineAgeGroup,0.86829268,0.84878049,0.82926829,0.84390244,0.81951220,0.87317073,0.82439024,0.80487805,0.82439024,0.85365854,0.86341463,0.84390244,0.84390244,0.87317073,0.88292683,0.85853659,0.86829268,0.82926829,0.85365854,0.84878049,0.84878049,0.82439024,0.84390244,0.84390244,0.82439024,0.83902439,0.85365854,0.85365854,0.81951220,0.87804878,0.80487805,0.88292683,0.84617886,0.84634146,0.01929692,0.93814344,0.80871608,0.52505855,10.12882495
ProximalPhalanxOutlineCorrect,0.90721649,0.88659794,0.92439863,0.90721649,0.90378007,0.91408935,0.87628866,0.93127148,0.89690722,0.92439863,0.89690722,0.91065292,0.90721649,0.87972509,0.91065292,0.90034364,0.88316151,0.90034364,0.90378007,0.92096220,0.90378007,0.93470790,0.91065292,0.90721649,0.91752577,0.92096220,0.90378007,0.90378007,0.92783505,0.93127148,0.87628866,0.93470790,0.90824742,0.90721649,0.01477130,0.95448740,0.93550366,0.44048985,25.70158016
ProximalPhalanxTW,0.80975610,0.83414634,0.81951220,0.83902439,0.78048780,0.82439024,0.82439024,0.81951220,0.82439024,0.83414634,0.80975610,0.82926829,0.78536585,0.79512195,0.81951220,0.82926829,0.84878049,0.83902439,0.83902439,0.81463415,0.80487805,0.80975610,0.81463415,0.80975610,0.86341463,0.84390244,0.84878049,0.78536585,0.84878049,0.82439024,0.78048780,0.86341463,0.82243902,0.82439024,0.01981873,0.92180791,0.53216789,0.89762827,17.73254266
RefrigerationDevices,0.56533333,0.85066667,0.85333333,0.81333333,0.79200000,0.81866667,0.79733333,0.83200000,0.82666667,0.81600000,0.81600000,0.81866667,0.79200000,0.81600000,0.81600000,0.84266667,0.83733333,0.81066667,0.83733333,0.82666667,0.82666667,0.82133333,0.81600000,0.81866667,0.81866667,0.78400000,0.83200000,0.79466667,0.82400000,0.77066667,0.56533333,0.85333333,0.80951111,0.81866667,0.04893259,0.92171236,0.80804306,0.64299357,26.42892408
Rock,0.86000000,0.84000000,0.86000000,0.94000000,0.78000000,0.90000000,0.94000000,0.92000000,0.86000000,0.96000000,0.86000000,0.86000000,0.86000000,0.86000000,0.84000000,0.82000000,0.90000000,0.88000000,0.88000000,0.82000000,0.94000000,0.90000000,0.88000000,0.78000000,0.92000000,0.76000000,0.90000000,0.92000000,0.90000000,0.86000000,0.76000000,0.96000000,0.87333333,0.87000000,0.04853407,0.97602993,0.86626727,0.65963092,54.82288439
ScreenType,0.55733333,0.68800000,0.70400000,0.70933333,0.67200000,0.70400000,0.70133333,0.67466667,0.67200000,0.73066667,0.70933333,0.69333333,0.74133333,0.67200000,0.69066667,0.70400000,0.69866667,0.68533333,0.73066667,0.70666667,0.69066667,0.72800000,0.70133333,0.72000000,0.68266667,0.69866667,0.67466667,0.70933333,0.69333333,0.73600000,0.55733333,0.74133333,0.69600000,0.70000000,0.03207399,0.85590507,0.69554672,0.79370635,69.88416112
SemgHandGenderCh2,0.94000000,0.93166667,0.91666667,0.95500000,0.94333333,0.95000000,0.94500000,0.94333333,0.94500000,0.95000000,0.93833333,0.94833333,0.94166667,0.93333333,0.92833333,0.95166667,0.93666667,0.93833333,0.94500000,0.94166667,0.93500000,0.94333333,0.94666667,0.93666667,0.94000000,0.93500000,0.93500000,0.94000000,0.94000000,0.92500000,0.91666667,0.95500000,0.94000000,0.94000000,0.00798146,0.98656167,0.92189513,0.45466986,45.35608161
SemgHandMovementCh2,0.74222222,0.76888889,0.75777778,0.72666667,0.73555556,0.78888889,0.76222222,0.75555556,0.78888889,0.77777778,0.80444444,0.80222222,0.77333333,0.75555556,0.74222222,0.75111111,0.80444444,0.80444444,0.76000000,0.77333333,0.76666667,0.74444444,0.76222222,0.77333333,0.76000000,0.78666667,0.73777778,0.74666667,0.78222222,0.76888889,0.72666667,0.80444444,0.76681481,0.76444444,0.02131429,0.95293946,0.76752504,1.23676804,141.89205372
SemgHandSubjectCh2,0.91333333,0.94888889,0.92444444,0.91555556,0.91777778,0.94666667,0.90666667,0.92444444,0.93111111,0.94222222,0.92444444,0.92666667,0.94222222,0.93111111,0.91555556,0.92000000,0.91111111,0.94444444,0.94444444,0.92222222,0.93555556,0.92666667,0.93555556,0.90000000,0.93777778,0.94000000,0.92666667,0.92666667,0.93777778,0.92000000,0.90000000,0.94888889,0.92800000,0.92666667,0.01232749,0.99358045,0.92784676,0.84083614,47.54191193
ShapeletSim,0.99444444,1.00000000,1.00000000,0.99444444,0.98333333,0.99444444,0.99444444,0.98888889,1.00000000,0.99444444,1.00000000,0.97222222,1.00000000,1.00000000,1.00000000,1.00000000,0.99444444,1.00000000,1.00000000,0.99444444,0.99444444,1.00000000,1.00000000,1.00000000,1.00000000,1.00000000,0.99444444,1.00000000,1.00000000,0.99444444,0.97222222,1.00000000,0.99629630,1.00000000,0.00597204,0.99990535,0.99631811,0.45946349,9.72365131
ShapesAll,0.94166667,0.96833333,0.96333333,0.95500000,0.95833333,0.95833333,0.96333333,0.95333333,0.96166667,0.96666667,0.95833333,0.96833333,0.95833333,0.95666667,0.96000000,0.95500000,0.96500000,0.94833333,0.96500000,0.96000000,0.96500000,0.96333333,0.96166667,0.95000000,0.96500000,0.94833333,0.96333333,0.96000000,0.95333333,0.96000000,0.94166667,0.96833333,0.95916667,0.96000000,0.00627679,0.99791554,0.95855809,2.80131622,44.23394406
SmallKitchenAppliances,0.82133333,0.85600000,0.86666667,0.83733333,0.86133333,0.83200000,0.82933333,0.86933333,0.86133333,0.85866667,0.82933333,0.86666667,0.83733333,0.83733333,0.80266667,0.86933333,0.83200000,0.84800000,0.85333333,0.85333333,0.85066667,0.85866667,0.83733333,0.88000000,0.83200000,0.85066667,0.86133333,0.86400000,0.84800000,0.85333333,0.80266667,0.88000000,0.84862222,0.85200000,0.01681880,0.95614933,0.84878927,0.54006815,62.75817816
SmoothSubspace,0.96666667,0.99333333,0.98666667,1.00000000,0.99333333,0.98000000,0.98000000,0.99333333,0.99333333,0.98000000,0.97333333,0.98666667,0.97333333,0.99333333,0.98666667,1.00000000,0.98000000,0.98666667,0.99333333,0.97333333,0.99333333,0.98000000,0.98666667,0.98000000,0.98666667,0.98000000,0.98666667,0.98000000,0.99333333,1.00000000,0.96666667,1.00000000,0.98600000,0.98666667,0.00849401,0.99962222,0.98598433,0.37382640,2.15020155
SonyAIBORobotSurface1,0.92179700,0.96838602,0.98336106,0.94176373,0.96505824,0.97337770,0.98502496,0.98169717,0.98003328,0.98169717,0.97836938,0.98502496,0.97504160,0.97171381,0.98668885,0.97004992,0.98169717,0.98336106,0.99334443,0.96006656,0.98003328,0.95507488,0.95507488,0.99168053,0.96173045,0.96672213,0.94675541,0.98835275,0.98336106,0.96838602,0.92179700,0.99334443,0.97215752,0.97670549,0.01582556,0.99809835,0.96902492,0.40583563,5.65253515
SonyAIBORobotSurface2,0.94333683,0.96327387,0.91920252,0.96537251,0.92654774,0.88457503,0.96537251,0.94228751,0.98111228,0.93704092,0.92025184,0.94648478,0.95697796,0.93704092,0.94543547,0.88772298,0.88037775,0.94858342,0.88982162,0.94333683,0.95278069,0.94333683,0.92130115,0.91290661,0.95592865,0.94858342,0.97061910,0.94018888,0.94123820,0.94753410,0.88037775,0.98111228,0.93728576,0.94333683,0.02532414,0.98780238,0.95022771,0.43080911,4.95989423
StarLightCurves,0.98057309,0.97838757,0.98033026,0.97608062,0.97850898,0.98166586,0.97863040,0.98008742,0.98057309,0.98045168,0.98166586,0.98093735,0.98215153,0.98130160,0.98105877,0.98069451,0.98069451,0.97850898,0.98045168,0.98360855,0.97972317,0.98081593,0.98033026,0.98020884,0.98130160,0.98093735,0.98105877,0.98081593,0.97935891,0.97984458,0.97608062,0.98360855,0.98035859,0.98057309,0.00135593,0.99245021,0.97051884,0.30422413,218.85044070
Strawberry,0.98378378,0.97297297,0.98378378,0.98108108,0.98378378,0.98108108,0.98648649,0.97027027,0.98378378,0.97837838,0.98108108,0.97837838,0.98108108,0.98378378,0.97837838,0.99459459,0.97837838,0.97567568,0.98108108,0.98378378,0.98378378,0.96756757,0.98378378,0.97837838,0.98378378,0.96756757,0.98108108,0.98648649,0.97027027,0.97027027,0.96756757,0.99459459,0.97981982,0.98108108,0.00607290,0.99561264,0.98421498,0.35236852,21.92781521
SwedishLeaf,0.98240000,0.97600000,0.97760000,0.97280000,0.98240000,0.97600000,0.98240000,0.98240000,0.99200000,0.97920000,0.97920000,0.98240000,0.97440000,0.97120000,0.97760000,0.98080000,0.98080000,0.98400000,0.97920000,0.98400000,0.97760000,0.97760000,0.98080000,0.98240000,0.98240000,0.98400000,0.98880000,0.98080000,0.97920000,0.99200000,0.97120000,0.99200000,0.98074667,0.98080000,0.00468272,0.99947797,0.98069670,1.34929011,17.27168055
Symbols,0.98090452,0.97185930,0.96884422,0.98391960,0.97889447,0.97989950,0.98994975,0.95979899,0.98894472,0.96783920,0.97788945,0.97989950,0.97688442,0.97788945,0.98592965,0.97085427,0.97788945,0.98492462,0.98592965,0.97889447,0.98391960,0.97889447,0.98090452,0.97889447,0.98693467,0.99195980,0.98693467,0.98190955,0.97989950,0.98090452,0.95979899,0.99195980,0.97996650,0.97989950,0.00685057,0.99746399,0.98004584,0.69942904,15.09752036
SyntheticControl,0.99333333,0.99333333,0.99666667,0.99000000,0.99666667,0.99333333,0.99666667,1.00000000,0.99666667,0.99333333,0.99666667,0.99666667,1.00000000,0.99333333,0.99333333,0.99333333,0.98666667,0.99000000,0.99333333,0.99666667,0.99333333,0.99333333,1.00000000,0.99333333,0.99666667,0.99333333,0.99666667,0.99666667,0.99000000,0.99000000,0.98666667,1.00000000,0.99444444,0.99333333,0.00314270,0.99995911,0.99444006,0.68346283,6.80289652
ToeSegmentation1,0.96491228,0.96929825,0.96929825,0.94298246,0.93859649,0.91666667,0.96052632,0.94298246,0.96052632,0.95614035,0.95175439,0.96491228,0.96929825,0.92982456,0.93859649,0.95614035,0.96052632,0.95175439,0.96929825,0.91228070,0.93859649,0.95175439,0.94298246,0.98245614,0.92543860,0.92982456,0.91666667,0.94736842,0.95614035,0.93421053,0.91228070,0.98245614,0.94839181,0.95175439,0.01753228,0.99063783,0.94520846,0.41587228,15.54289184
ToeSegmentation2,0.93076923,0.97692308,0.95384615,0.95384615,0.96923077,0.88461538,0.95384615,0.95384615,0.98461538,0.96923077,0.98461538,0.96923077,0.92307692,0.93076923,0.91538462,0.94615385,0.94615385,0.95384615,0.97692308,0.93076923,0.93846154,0.91538462,0.89230769,0.98461538,0.98461538,0.95384615,0.96153846,0.96153846,0.94615385,0.93846154,0.88461538,0.98461538,0.94948718,0.95384615,0.02571911,0.99214485,0.89064448,0.39575623,10.78519064
Trace,1.00000000,1.00000000,1.00000000,1.00000000,1.00000000,1.00000000,1.00000000,1.00000000,1.00000000,1.00000000,1.00000000,1.00000000,1.00000000,1.00000000,1.00000000,1.00000000,1.00000000,1.00000000,1.00000000,1.00000000,1.00000000,1.00000000,1.00000000,1.00000000,1.00000000,1.00000000,1.00000000,1.00000000,1.00000000,1.00000000,1.00000000,1.00000000,1.00000000,1.00000000,0.00000000,1.00000000,1.00000000,0.37097220,79.09724236
TwoLeadECG,0.99824407,0.99824407,0.99736611,0.99912204,1.00000000,0.99209833,0.99648815,1.00000000,0.99648815,0.99297629,0.99824407,0.99824407,0.99912204,0.99824407,0.99824407,0.99736611,0.99912204,0.99912204,0.99912204,1.00000000,0.99824407,0.99824407,0.99736611,0.99912204,1.00000000,0.99824407,0.99648815,0.99824407,0.99824407,0.99912204,0.99209833,1.00000000,0.99803922,0.99824407,0.00176590,0.99995889,0.99803782,0.37496533,9.18593349
TwoPatterns,1.00000000,0.99975000,0.99950000,1.00000000,1.00000000,1.00000000,0.99975000,0.99950000,1.00000000,0.99975000,0.99975000,0.99975000,1.00000000,0.99975000,0.99975000,1.00000000,1.00000000,0.99975000,1.00000000,1.00000000,1.00000000,0.99975000,0.99975000,0.99950000,1.00000000,1.00000000,0.99975000,1.00000000,0.99975000,0.99975000,0.99950000,1.00000000,0.99984167,0.99975000,0.00016436,0.99999997,0.99984456,0.43556479,22.04068260
UMD,0.99305556,0.97916667,0.99305556,0.99305556,0.97916667,0.94444444,0.99305556,0.97916667,0.99305556,0.97222222,0.97916667,1.00000000,0.99305556,0.96527778,0.97916667,0.99305556,0.97916667,1.00000000,0.99305556,0.97916667,0.98611111,0.97916667,0.97916667,0.99305556,0.97916667,0.99305556,0.97222222,0.97222222,0.95833333,0.97916667,0.94444444,1.00000000,0.98240741,0.97916667,0.01225759,0.99801071,0.98232639,0.39359228,7.00681884
UWaveGestureLibraryAll,0.97850363,0.97906198,0.98157454,0.98632049,0.97850363,0.97822446,0.98715801,0.97878280,0.98297041,0.98213289,0.97962032,0.97627024,0.97766611,0.98213289,0.98743719,0.98269123,0.98241206,0.98380793,0.98771636,0.97962032,0.98520380,0.98073702,0.98520380,0.98045784,0.98045784,0.98185371,0.98185371,0.98352875,0.98520380,0.98213289,0.97627024,0.98771636,0.98197469,0.98199330,0.00301515,0.99923284,0.98192907,0.86332999,90.74515161
UWaveGestureLibraryX,0.86906756,0.87074260,0.88163037,0.87911781,0.88553881,0.87493021,0.88107203,0.88163037,0.87381351,0.88358459,0.88051368,0.87688442,0.87409269,0.87967616,0.88414294,0.87855946,0.88609715,0.87883864,0.87744277,0.87855946,0.87995533,0.88023451,0.88274707,0.88274707,0.87995533,0.88665550,0.87241764,0.87716360,0.87241764,0.88665550,0.86906756,0.88665550,0.87922948,0.87981575,0.00461980,0.98492978,0.87661055,1.07809038,97.32218039
UWaveGestureLibraryY,0.81853713,0.82272473,0.82049135,0.82802903,0.82077052,0.82467895,0.82412060,0.81714126,0.81155779,0.81797878,0.81965382,0.83277499,0.82523730,0.83165829,0.81993300,0.81853713,0.80848688,0.81825796,0.80234506,0.82384143,0.81351200,0.82439978,0.82104969,0.82049135,0.82439978,0.81965382,0.81630374,0.82495812,0.82439978,0.81323283,0.80234506,0.83277499,0.82030523,0.82049135,0.00624764,0.97208387,0.81866120,1.21040414,90.85353948
UWaveGestureLibraryZ,0.81965382,0.81714126,0.81965382,0.81295366,0.82551647,0.82439978,0.82774986,0.82356226,0.81462870,0.83640424,0.82188721,0.83054160,0.83221664,0.81881630,0.83082077,0.83640424,0.82691234,0.83417085,0.82747069,0.82830821,0.83445003,0.81602457,0.83277499,0.82719151,0.81714126,0.83612507,0.83668342,0.82188721,0.82942490,0.82998325,0.81295366,0.83668342,0.82636330,0.82733110,0.00699254,0.97635297,0.82359372,1.16072194,151.10851103
Wafer,1.00000000,1.00000000,1.00000000,1.00000000,1.00000000,1.00000000,1.00000000,1.00000000,0.99983777,1.00000000,0.99983777,1.00000000,1.00000000,1.00000000,1.00000000,1.00000000,1.00000000,1.00000000,1.00000000,1.00000000,1.00000000,1.00000000,1.00000000,1.00000000,1.00000000,1.00000000,1.00000000,1.00000000,1.00000000,1.00000000,0.99983777,1.00000000,0.99998918,1.00000000,0.00004047,1.00000000,0.99999395,0.31645957,30.28501190
Wine,0.88888889,0.88888889,0.94444444,1.00000000,0.96296296,0.87037037,0.94444444,0.92592593,1.00000000,0.90740741,0.92592593,0.94444444,1.00000000,0.88888889,0.87037037,0.90740741,0.94444444,0.94444444,0.94444444,0.92592593,0.94444444,0.94444444,1.00000000,1.00000000,0.94444444,0.81481481,0.94444444,0.96296296,0.88888889,1.00000000,0.81481481,1.00000000,0.93580247,0.94444444,0.04504058,0.98209921,0.93132561,0.43283847,3.45685889
WordSynonyms,0.77742947,0.80407524,0.79467085,0.81661442,0.80721003,0.77742947,0.82131661,0.81504702,0.80407524,0.80250784,0.82131661,0.80094044,0.81347962,0.79780564,0.80877743,0.80877743,0.83699060,0.79780564,0.77899687,0.80094044,0.83385580,0.81191223,0.78996865,0.77742947,0.83228840,0.79310345,0.81347962,0.77272727,0.78996865,0.79780564,0.77272727,0.83699060,0.80329154,0.80329154,0.01673401,0.96461980,0.68750913,2.25089671,31.64978004
Worms,0.75324675,0.83116883,0.74025974,0.80519481,0.75324675,0.74025974,0.70129870,0.83116883,0.87012987,0.71428571,0.66233766,0.72727273,0.72727273,0.71428571,0.76623377,0.74025974,0.80519481,0.74025974,0.79220779,0.77922078,0.83116883,0.74025974,0.77922078,0.77922078,0.76623377,0.83116883,0.76623377,0.79220779,0.71428571,0.77922078,0.66233766,0.87012987,0.76580087,0.76623377,0.04566843,0.94226613,0.73951035,0.91775716,86.22130813
WormsTwoClass,0.79220779,0.79220779,0.80519481,0.85714286,0.77922078,0.80519481,0.72727273,0.81818182,0.76623377,0.77922078,0.77922078,0.77922078,0.77922078,0.79220779,0.84415584,0.80519481,0.80519481,0.83116883,0.79220779,0.80519481,0.80519481,0.81818182,0.84415584,0.81818182,0.79220779,0.85714286,0.80519481,0.84415584,0.83116883,0.80519481,0.72727273,0.85714286,0.80519481,0.80519481,0.02805515,0.88930211,0.83691522,0.51047854,54.54231842
Yoga,0.95033333,0.95233333,0.94166667,0.95533333,0.94666667,0.96166667,0.94166667,0.94800000,0.94700000,0.94300000,0.95033333,0.93266667,0.94866667,0.94333333,0.94000000,0.94766667,0.95533333,0.94333333,0.94366667,0.94466667,0.93266667,0.95233333,0.94633333,0.95733333,0.95366667,0.93933333,0.94133333,0.95466667,0.93366667,0.94400000,0.93266667,0.96166667,0.94642222,0.94650000,0.00705163,0.98622718,0.95045794,0.43003920,25.95387497
HandOutlines,0.95135135,0.97297297,0.95945946,0.94594595,0.94324324,0.94864865,0.95135135,0.94054054,0.93783784,0.95675676,0.94864865,0.94864865,0.96216216,0.95675676,0.96216216,0.95675676,0.95675676,0.95945946,0.95945946,0.97837838,0.95405405,0.97567568,0.94864865,0.94594595,0.93513514,0.95405405,0.96756757,0.95675676,0.95135135,0.96756757,0.93513514,0.97837838,0.95513514,0.95540541,0.01031758,0.98255442,0.96561559,0.39024023,143.36273938
NonInvasiveFetalECGThorax1,0.95776081,0.95623410,0.96641221,0.95623410,0.96386768,0.96335878,0.96335878,0.95165394,0.96030534,0.96997455,0.95521628,0.95979644,0.95928753,0.95826972,0.96590331,0.96081425,0.96641221,0.96539440,0.95216285,0.95572519,0.95928753,0.96030534,0.95877863,0.95877863,0.95216285,0.95877863,0.96539440,0.96386768,0.95979644,0.96284987,0.95165394,0.96997455,0.96027142,0.95979644,0.00450783,0.99917079,0.95859304,2.41328459,161.25591852
NonInvasiveFetalECGThorax2,0.96997455,0.96590331,0.96997455,0.97353690,0.96284987,0.97201018,0.96641221,0.96946565,0.96539440,0.96692112,0.96488550,0.96641221,0.97150127,0.96895674,0.96692112,0.96234097,0.96335878,0.95826972,0.96641221,0.96946565,0.96183206,0.96488550,0.96132316,0.96284987,0.96234097,0.96335878,0.96641221,0.96488550,0.96335878,0.96997455,0.95826972,0.97353690,0.96607294,0.96615776,0.00354128,0.99872529,0.96423736,2.30026502,230.95681285
Phoneme,0.36867089,0.39029536,0.38080169,0.39820675,0.36286920,0.38343882,0.37289030,0.38291139,0.39135021,0.38343882,0.34546414,0.37552743,0.37025316,0.35759494,0.38396624,0.37710970,0.35495781,0.40770042,0.37130802,0.38765823,0.37816456,0.36497890,0.38871308,0.37816456,0.39398734,0.38396624,0.40453586,0.34968354,0.38871308,0.37236287,0.34546414,0.40770042,0.37832278,0.37948312,0.01474729,nan,0.21266313,nan,29.96498671
MEAN,0.87527274,0.90005714,0.89693968,0.89962614,0.89491867,0.89773246,0.89407411,0.89744816,0.89941354,0.89986220,0.89582091,0.90048144,0.89433491,0.89480931,0.89458591,0.89339102,0.89666000,0.89550125,0.89978702,0.89599305,0.89528405,0.89692252,0.89695290,0.89732067,0.89962296,0.89476128,0.89939125,0.89910337,0.89546220,0.89808172,0.84377023,0.92490098,0.89632042,0.89818948,0.01820169,0.96686269,0.87443114,0.85383637,42.37370827
MIN,0.36867089,0.39029536,0.38080169,0.39820675,0.36286920,0.38343882,0.37289030,0.38291139,0.39135021,0.38343882,0.34546414,0.37552743,0.37025316,0.35759494,0.38396624,0.37710970,0.35495781,0.40770042,0.37130802,0.38765823,0.37816456,0.36497890,0.38871308,0.37816456,0.39398734,0.38396624,0.40453586,0.34968354,0.38871308,0.37236287,0.34546414,0.40770042,0.37832278,0.37948312,0.00000000,0.67696986,0.15530549,0.26656788,2.15020155
MAX,1.00000000,1.00000000,1.00000000,1.00000000,1.00000000,1.00000000,1.00000000,1.00000000,1.00000000,1.00000000,1.00000000,1.00000000,1.00000000,1.00000000,1.00000000,1.00000000,1.00000000,1.00000000,1.00000000,1.00000000,1.00000000,1.00000000,1.00000000,1.00000000,1.00000000,1.00000000,1.00000000,1.00000000,1.00000000,1.00000000,1.00000000,1.00000000,1.00000000,1.00000000,0.07765069,1.00000000,1.00000000,3.24138496,230.95681285
STD,0.13612879,0.11285073,0.11353756,0.11184723,0.11542566,0.10993631,0.11972781,0.11545954,0.11523557,0.11233130,0.11751486,0.11373228,0.11643202,0.11621765,0.11269217,0.11497132,0.11677828,0.10964960,0.11303396,0.11102470,0.11825990,0.11503849,0.11193887,0.11547462,0.11156922,0.11492133,0.11226011,0.11480922,0.11729437,0.11260546,0.14185075,0.10118685,0.11250253,0.11281788,0.01627522,0.05635451,0.15845258,0.66879101,48.83238063
