dataset,split_1,split_2,split_3,split_4,split_5,split_6,split_7,split_8,split_9,split_10,split_11,split_12,split_13,split_14,split_15,split_16,split_17,split_18,split_19,split_20,split_21,split_22,split_23,split_24,split_25,split_26,split_27,split_28,split_29,split_30,min,max,mean,median,std,auroc,f1,nll,time
ACSF1,0.92000000,0.85000000,0.89000000,0.89000000,0.83000000,0.84000000,0.83000000,0.89000000,0.86000000,0.87000000,0.88000000,0.83000000,0.89000000,0.87000000,0.86000000,0.83000000,0.82000000,0.84000000,0.85000000,0.82000000,0.87000000,0.87000000,0.87000000,0.91000000,0.87000000,0.84000000,0.92000000,0.81000000,0.79000000,0.83000000,0.79000000,0.92000000,0.85800000,0.86000000,0.03197916,0.98304074,0.85582327,1.34018395,7.75463291
Adiac,0.84654731,0.87212276,0.84398977,0.85677749,0.86445013,0.85933504,0.84910486,0.83120205,0.85933504,0.85166240,0.86700767,0.85933504,0.84143223,0.85933504,0.87468031,0.83631714,0.85421995,0.87723785,0.85933504,0.86956522,0.85677749,0.87212276,0.83887468,0.83631714,0.83120205,0.86700767,0.89769821,0.86700767,0.86189258,0.88746803,0.83120205,0.89769821,0.85831202,0.85933504,0.01571867,0.99118628,0.85115037,2.51626346,12.95784505
ArrowHead,0.85714286,0.88000000,0.87428571,0.92000000,0.90857143,0.89714286,0.89714286,0.90857143,0.92000000,0.80571429,0.89714286,0.90285714,0.88000000,0.86857143,0.89142857,0.93142857,0.89714286,0.91428571,0.90285714,0.87428571,0.83428571,0.90857143,0.89142857,0.88571429,0.93714286,0.88571429,0.86285714,0.91428571,0.86857143,0.86857143,0.80571429,0.93714286,0.88952381,0.89428571,0.02745766,0.95661575,0.88790084,0.55753968,2.70644147
BME,1.00000000,1.00000000,1.00000000,1.00000000,1.00000000,1.00000000,1.00000000,1.00000000,1.00000000,1.00000000,1.00000000,1.00000000,1.00000000,1.00000000,1.00000000,1.00000000,1.00000000,0.97333333,1.00000000,1.00000000,1.00000000,1.00000000,1.00000000,1.00000000,1.00000000,1.00000000,1.00000000,1.00000000,1.00000000,1.00000000,0.97333333,1.00000000,0.99911111,1.00000000,0.00478681,1.00000000,0.99910969,0.33589455,5.76939941
Beef,0.83333333,0.80000000,0.76666667,0.86666667,0.83333333,0.86666667,0.86666667,0.86666667,0.80000000,0.90000000,0.86666667,0.80000000,0.76666667,0.86666667,0.86666667,0.83333333,0.70000000,0.76666667,0.70000000,0.70000000,0.83333333,0.80000000,0.80000000,0.73333333,0.93333333,0.56666667,0.83333333,0.86666667,0.80000000,0.80000000,0.56666667,0.93333333,0.80777778,0.81666667,0.07286890,0.95953704,0.80577513,0.96505721,6.64029487
BeetleFly,0.95000000,1.00000000,0.95000000,0.95000000,0.95000000,1.00000000,1.00000000,0.95000000,1.00000000,0.95000000,0.95000000,0.95000000,0.80000000,0.95000000,0.85000000,0.95000000,0.95000000,0.90000000,0.90000000,0.90000000,0.80000000,0.80000000,0.85000000,1.00000000,0.95000000,0.90000000,1.00000000,0.90000000,0.95000000,0.95000000,0.80000000,1.00000000,0.93000000,0.95000000,0.05859465,0.99000000,0.93072153,0.42709872,3.48252334
BirdChicken,0.90000000,1.00000000,1.00000000,0.95000000,0.90000000,1.00000000,0.90000000,0.95000000,0.85000000,0.95000000,0.90000000,1.00000000,0.95000000,1.00000000,1.00000000,0.85000000,0.95000000,0.95000000,1.00000000,1.00000000,1.00000000,1.00000000,0.90000000,0.95000000,1.00000000,0.95000000,1.00000000,1.00000000,0.95000000,0.95000000,0.85000000,1.00000000,0.95666667,0.95000000,0.04606758,0.99933333,0.96027982,0.39350855,1.41981732
CBF,0.99888889,0.99444444,0.99777778,1.00000000,0.99888889,0.99777778,0.99888889,0.99555556,0.99888889,1.00000000,0.99555556,0.99888889,1.00000000,0.99888889,0.98000000,0.99888889,0.99888889,0.99777778,1.00000000,0.99888889,1.00000000,1.00000000,0.99888889,1.00000000,0.99888889,0.99666667,0.99888889,0.99555556,1.00000000,0.99888889,0.98000000,1.00000000,0.99788889,0.99888889,0.00364415,0.99996506,0.99788447,0.38032629,3.49858231
Car,0.93333333,0.93333333,0.96666667,0.93333333,0.91666667,0.91666667,0.96666667,0.96666667,1.00000000,0.95000000,0.96666667,0.98333333,0.93333333,0.95000000,0.96666667,0.90000000,0.95000000,0.91666667,0.96666667,0.93333333,0.91666667,0.91666667,0.91666667,0.93333333,0.91666667,0.91666667,0.95000000,0.91666667,0.93333333,0.96666667,0.90000000,1.00000000,0.94111111,0.93333333,0.02424158,0.98845053,0.94142508,0.61653608,6.43614725
Chinatown,0.98542274,0.96209913,0.96793003,0.97084548,0.96793003,0.97667638,0.97667638,0.96209913,0.97376093,0.97084548,0.96501458,0.96793003,0.96209913,0.97667638,0.97959184,0.96793003,0.96501458,0.96793003,0.96209913,0.97376093,0.97084548,0.98250729,0.97376093,0.97667638,0.96793003,0.95918367,0.97084548,0.97084548,0.96501458,0.97084548,0.95918367,0.98542274,0.97035957,0.97084548,0.00625672,0.99150985,0.97896829,0.38585173,1.53350026
ChlorineConcentration,0.78489583,0.81979167,0.76666667,0.79947917,0.79062500,0.79375000,0.77109375,0.81119792,0.77942708,0.78567708,0.77656250,0.80781250,0.79244792,0.79010417,0.80937500,0.80156250,0.75807292,0.78906250,0.80234375,0.78385417,0.78333333,0.78567708,0.79166667,0.82291667,0.79739583,0.80625000,0.80338542,0.81588542,0.77760417,0.79687500,0.75807292,0.82291667,0.79315972,0.79205729,0.01521153,0.91054683,0.76392234,0.64456758,7.55043064
CinCECGTorso,0.99492754,0.98115942,0.99057971,0.99710145,0.99565217,0.99492754,0.95652174,0.99130435,0.99275362,0.98768116,0.99855072,0.99927536,0.98985507,0.99927536,0.99202899,0.99202899,0.99492754,0.99710145,0.99927536,0.99420290,0.99130435,0.99927536,0.99202899,0.99275362,0.99927536,0.99057971,0.99420290,0.99782609,0.99927536,0.99565217,0.95652174,0.99927536,0.99304348,0.99456522,0.00791946,0.99987519,0.99300707,0.49143748,14.91772645
Coffee,1.00000000,1.00000000,1.00000000,1.00000000,1.00000000,1.00000000,1.00000000,1.00000000,1.00000000,1.00000000,1.00000000,1.00000000,1.00000000,1.00000000,1.00000000,1.00000000,1.00000000,1.00000000,1.00000000,1.00000000,1.00000000,1.00000000,1.00000000,1.00000000,1.00000000,1.00000000,1.00000000,1.00000000,1.00000000,1.00000000,1.00000000,1.00000000,1.00000000,1.00000000,0.00000000,1.00000000,1.00000000,0.36002076,1.01319817
Computers,0.76000000,0.87600000,0.86800000,0.83200000,0.87600000,0.86800000,0.85600000,0.85200000,0.86000000,0.86800000,0.89200000,0.86000000,0.90000000,0.85200000,0.83600000,0.86800000,0.81600000,0.87600000,0.86800000,0.83200000,0.87600000,0.86800000,0.90000000,0.88400000,0.86800000,0.85200000,0.90000000,0.88400000,0.85600000,0.88400000,0.76000000,0.90000000,0.86293333,0.86800000,0.02773077,0.93558187,0.86671195,0.48022744,9.98347214
CricketX,0.82051282,0.83333333,0.84615385,0.83589744,0.84358974,0.82820513,0.85897436,0.84358974,0.86410256,0.83076923,0.84358974,0.86666667,0.85384615,0.84102564,0.84358974,0.82564103,0.86666667,0.83846154,0.83846154,0.85128205,0.84615385,0.85641026,0.85384615,0.85641026,0.83846154,0.85641026,0.83589744,0.86666667,0.82307692,0.83589744,0.82051282,0.86666667,0.84478632,0.84358974,0.01295203,0.98060112,0.84205556,1.53843504,15.12539132
CricketY,0.86153846,0.87179487,0.88974359,0.84358974,0.86410256,0.83846154,0.82051282,0.87179487,0.85897436,0.87435897,0.83846154,0.86410256,0.88205128,0.85641026,0.85897436,0.85641026,0.84871795,0.86666667,0.85641026,0.86410256,0.85897436,0.89743590,0.87692308,0.85641026,0.85897436,0.85128205,0.84871795,0.84871795,0.89230769,0.88717949,0.82051282,0.89743590,0.86213675,0.85897436,0.01688786,0.98542580,0.86085701,1.55701098,6.60310702
CricketZ,0.85641026,0.84871795,0.84615385,0.82564103,0.86666667,0.83076923,0.82820513,0.85897436,0.83076923,0.83589744,0.86923077,0.84102564,0.84871795,0.85128205,0.83333333,0.86923077,0.84871795,0.85384615,0.85128205,0.83589744,0.88205128,0.82564103,0.85384615,0.85897436,0.85384615,0.82820513,0.86410256,0.83846154,0.84871795,0.84615385,0.82564103,0.88205128,0.84769231,0.84871795,0.01430086,0.98127651,0.84515533,1.53720702,14.98857632
Crop,0.77982143,0.77619048,0.78136905,0.78011905,0.77648810,0.77482143,0.77732143,0.77827381,0.77761905,0.77660714,0.77428571,0.77446429,0.77672619,0.77827381,0.77851190,0.77744048,0.77952381,0.77672619,0.77744048,0.77797619,0.77892857,0.77803571,0.77815476,0.78142857,0.77636905,0.77994048,0.77785714,0.77779762,0.77863095,0.77541667,0.77428571,0.78142857,0.77775198,0.77782738,0.00177601,0.97556353,0.77440521,2.09786749,69.12220352
DiatomSizeReduction,0.95751634,0.98692810,0.96405229,0.96732026,0.93790850,0.98692810,0.92156863,0.97712418,0.98366013,0.99019608,0.97712418,0.99019608,0.95751634,0.98039216,0.91503268,0.92483660,0.97385621,0.93790850,0.98039216,0.86274510,0.98692810,0.95424837,0.91830065,0.95424837,0.95098039,0.97712418,0.97712418,0.98366013,0.96732026,0.94444444,0.86274510,0.99019608,0.95958606,0.96732026,0.02871956,0.99271310,0.93986613,0.49395066,3.98738029
DistalPhalanxOutlineAgeGroup,0.75539568,0.83453237,0.87769784,0.88489209,0.87050360,0.80575540,0.86330935,0.82014388,0.82014388,0.87050360,0.81294964,0.81294964,0.87050360,0.86330935,0.80575540,0.82733813,0.79136691,0.79856115,0.80575540,0.84172662,0.83453237,0.82014388,0.80575540,0.78417266,0.78417266,0.79856115,0.83453237,0.79856115,0.86330935,0.81294964,0.75539568,0.88489209,0.82565947,0.82014388,0.03210296,0.92986060,0.80495473,0.54741219,3.57881137
DistalPhalanxOutlineCorrect,0.78260870,0.84782609,0.86231884,0.86594203,0.78985507,0.88043478,0.82246377,0.84057971,0.84782609,0.86231884,0.85869565,0.88043478,0.84782609,0.87318841,0.84057971,0.80072464,0.84420290,0.88768116,0.86231884,0.83695652,0.84057971,0.85144928,0.84782609,0.86956522,0.83695652,0.89130435,0.82608696,0.85144928,0.80434783,0.84420290,0.78260870,0.89130435,0.84661836,0.84782609,0.02648207,0.92241994,0.87812785,0.48733489,5.55261090
DistalPhalanxTW,0.67625899,0.77697842,0.78417266,0.81294964,0.74820144,0.76978417,0.79856115,0.73381295,0.80575540,0.76258993,0.79136691,0.79136691,0.74100719,0.82014388,0.79856115,0.76258993,0.74820144,0.77697842,0.79856115,0.78417266,0.73381295,0.78417266,0.79136691,0.79856115,0.77697842,0.76258993,0.79136691,0.80575540,0.76258993,0.72661871,0.67625899,0.82014388,0.77386091,0.78057554,0.03033455,0.92425733,0.52351716,0.95323886,3.15051895
ECG200,0.91000000,0.93000000,0.91000000,0.89000000,0.95000000,0.89000000,0.91000000,0.92000000,0.92000000,0.91000000,0.89000000,0.91000000,0.87000000,0.90000000,0.89000000,0.92000000,0.93000000,0.90000000,0.94000000,0.92000000,0.88000000,0.95000000,0.87000000,0.91000000,0.87000000,0.90000000,0.94000000,0.91000000,0.86000000,0.93000000,0.86000000,0.95000000,0.90766667,0.91000000,0.02347812,0.96276867,0.93013358,0.43664483,1.91853947
ECG5000,0.95022222,0.95066667,0.94600000,0.94600000,0.94822222,0.95200000,0.94866667,0.94733333,0.95044444,0.94933333,0.94711111,0.94955556,0.94577778,0.95044444,0.95088889,0.94866667,0.94155556,0.95266667,0.95000000,0.94644444,0.94777778,0.95088889,0.94555556,0.94666667,0.94777778,0.94777778,0.95177778,0.94911111,0.94733333,0.95088889,0.94155556,0.95266667,0.94858519,0.94866667,0.00236398,0.92157927,0.58634560,0.55990235,13.46692197
ECGFiveDays,1.00000000,1.00000000,0.99419280,0.99651568,1.00000000,0.98025552,0.99883856,0.99535424,0.96864111,0.99419280,0.99767712,0.99651568,1.00000000,1.00000000,1.00000000,1.00000000,0.99883856,0.99883856,1.00000000,0.99883856,0.99535424,0.99883856,1.00000000,1.00000000,1.00000000,0.99767712,0.99767712,1.00000000,0.99419280,0.98838560,0.96864111,1.00000000,0.99636082,0.99883856,0.00658878,0.99998543,0.99640946,0.37247638,1.96414951
EOGHorizontalSignal,0.62154696,0.88674033,0.87845304,0.86464088,0.86464088,0.87292818,0.86464088,0.87016575,0.88397790,0.87292818,0.89226519,0.87845304,0.85911602,0.87845304,0.86187845,0.85082873,0.88121547,0.88674033,0.88121547,0.87569061,0.87569061,0.88121547,0.88121547,0.87569061,0.86740331,0.89502762,0.89226519,0.88674033,0.86187845,0.83425414,0.62154696,0.89502762,0.86593002,0.87569061,0.04715448,0.98296862,0.86323159,1.51894543,35.72857083
EOGVerticalSignal,0.51657459,0.82872928,0.81215470,0.81491713,0.82044199,0.81215470,0.81491713,0.79005525,0.81767956,0.81767956,0.80662983,0.85082873,0.82596685,0.79281768,0.81215470,0.79281768,0.82596685,0.80110497,0.79834254,0.80662983,0.78453039,0.83149171,0.82596685,0.81491713,0.79558011,0.82872928,0.80662983,0.83425414,0.80386740,0.83701657,0.51657459,0.85082873,0.80405157,0.81353591,0.05549638,0.96649075,0.79816086,1.60496357,41.08030873
Earthquakes,0.76258993,0.78417266,0.79136691,0.80575540,0.79136691,0.79136691,0.79856115,0.79856115,0.79136691,0.79136691,0.78417266,0.79136691,0.78417266,0.77697842,0.79136691,0.80575540,0.76978417,0.78417266,0.78417266,0.78417266,0.79856115,0.79136691,0.77697842,0.79856115,0.79856115,0.77697842,0.79136691,0.77697842,0.80575540,0.76978417,0.76258993,0.80575540,0.78824940,0.79136691,0.01078070,0.69242954,0.14521483,0.53609750,13.59827342
ElectricDevices,0.77045779,0.91311114,0.91687200,0.91920633,0.91272209,0.91285177,0.91998444,0.91661263,0.91064713,0.91777980,0.91933601,0.91557515,0.91298146,0.91635326,0.91401893,0.91505641,0.91479704,0.91570484,0.91414862,0.91713137,0.92387498,0.91726106,0.91726106,0.91765011,0.91220335,0.91414862,0.91220335,0.92102192,0.91687200,0.91842822,0.77045779,0.92387498,0.91120910,0.91602905,0.02629684,0.98778184,0.88825902,0.87596362,108.65559352
EthanolLevel,0.64400000,0.69400000,0.73200000,0.71400000,0.73400000,0.74200000,0.71400000,0.72200000,0.72400000,0.73400000,0.73000000,0.71800000,0.73200000,0.70600000,0.75200000,0.72200000,0.74800000,0.73600000,0.73800000,0.72200000,0.72000000,0.74200000,0.72600000,0.74600000,0.71800000,0.72200000,0.73000000,0.71600000,0.73000000,0.73000000,0.64400000,0.75200000,0.72460000,0.72800000,0.01939863,0.89425371,0.71746441,0.93428499,15.93916509
FaceAll,0.88343195,0.98520710,0.99230769,0.99171598,0.99053254,0.98698225,0.98639053,0.99112426,0.98284024,0.98816568,0.99112426,0.98934911,0.98875740,0.98934911,0.98875740,0.99171598,0.98579882,0.99289941,0.98816568,0.99053254,0.98875740,0.98698225,0.98698225,0.98816568,0.98816568,0.99112426,0.98639053,0.99112426,0.99053254,0.99230769,0.88343195,0.99289941,0.98552268,0.98875740,0.01910533,0.99973350,0.98370208,1.26194427,18.08033637
FaceFour,0.95454545,0.97727273,0.96590909,0.98863636,1.00000000,0.97727273,0.96590909,1.00000000,0.89772727,1.00000000,1.00000000,0.95454545,0.95454545,0.94318182,1.00000000,0.93181818,1.00000000,0.88636364,1.00000000,1.00000000,1.00000000,0.93181818,0.98863636,1.00000000,1.00000000,0.96590909,0.92045455,0.96590909,0.95454545,0.90909091,0.88636364,1.00000000,0.96780303,0.97159091,0.03346436,0.99581616,0.96935728,0.62215953,1.60462570
FacesUCR,0.96682927,0.97951220,0.96585366,0.97658537,0.97658537,0.97658537,0.97658537,0.97317073,0.97707317,0.97268293,0.97951220,0.97658537,0.98146341,0.97853659,0.97170732,0.97170732,0.97170732,0.96585366,0.98097561,0.97219512,0.97560976,0.97609756,0.98292683,0.97268293,0.98000000,0.97512195,0.98341463,0.97560976,0.97853659,0.97804878,0.96585366,0.98341463,0.97565854,0.97658537,0.00449266,0.99864807,0.96663861,1.40935575,10.04914529
FiftyWords,0.85714286,0.82417582,0.85274725,0.86813187,0.88351648,0.85714286,0.86593407,0.85494505,0.87912088,0.85714286,0.86153846,0.85274725,0.86593407,0.87252747,0.86153846,0.88791209,0.85714286,0.88351648,0.86813187,0.86153846,0.88571429,0.87692308,0.84615385,0.85934066,0.86813187,0.86373626,0.84395604,0.87252747,0.85494505,0.86593407,0.82417582,0.88791209,0.86366300,0.86263736,0.01336248,0.98781011,0.79526273,2.79581545,7.09437933
Fish,0.98285714,0.98285714,0.97714286,0.96000000,0.98285714,0.98285714,0.97714286,0.98857143,0.99428571,0.98857143,0.98857143,0.98285714,0.97714286,0.98285714,0.99428571,0.96000000,0.98285714,0.98857143,0.97142857,0.97714286,0.98285714,0.98285714,0.97714286,0.99428571,0.97714286,0.97142857,0.97142857,0.97714286,0.98285714,0.98857143,0.96000000,0.99428571,0.98095238,0.98285714,0.00838961,0.99834335,0.98091002,0.80414742,14.01391708
FordA,0.96363636,0.96590909,0.96363636,0.94924242,0.96136364,0.96363636,0.95909091,0.95833333,0.96893939,0.95757576,0.96212121,0.96590909,0.96212121,0.96287879,0.96136364,0.94848485,0.96212121,0.97121212,0.96287879,0.96287879,0.95757576,0.96212121,0.96212121,0.95909091,0.96439394,0.95909091,0.96893939,0.96439394,0.96060606,0.96287879,0.94848485,0.97121212,0.96181818,0.96212121,0.00468882,0.99312614,0.96080763,0.38245723,23.48611232
FordB,0.83456790,0.92592593,0.93703704,0.93333333,0.94938272,0.94074074,0.95432099,0.94814815,0.95185185,0.94197531,0.93950617,0.93580247,0.93333333,0.94567901,0.93703704,0.93333333,0.93086420,0.93209877,0.93580247,0.95061728,0.94197531,0.91975309,0.94074074,0.92839506,0.92839506,0.95308642,0.95185185,0.93456790,0.96049383,0.94814815,0.83456790,0.96049383,0.93662551,0.93827160,0.02118602,0.98150293,0.93566246,0.40588483,23.22440936
FreezerRegularTrain,0.99964912,0.99964912,0.99719298,0.99754386,0.99754386,0.99614035,0.99508772,0.99508772,0.99894737,0.99929825,0.99719298,0.99719298,0.99859649,0.99543860,0.99543860,0.99543860,0.99964912,0.99614035,0.99929825,0.99157895,0.99754386,0.99789474,0.99929825,0.99929825,0.99964912,0.99754386,0.99894737,0.99929825,0.99824561,0.99684211,0.99157895,0.99964912,0.99755556,0.99754386,0.00186655,0.99888151,0.99754638,0.34433554,12.07332142
FreezerSmallTrain,0.97719298,0.99087719,0.98070175,0.99368421,0.91122807,0.91929825,0.94947368,0.97894737,0.98105263,0.99473684,0.99473684,0.99298246,0.99052632,0.99192982,0.95087719,0.99122807,0.99894737,0.93052632,0.98526316,0.99228070,0.94526316,0.98631579,0.98736842,0.99122807,0.92000000,0.99298246,0.99298246,0.98912281,0.96350877,0.99614035,0.91122807,0.99894737,0.97538012,0.98824561,0.02570154,0.99598574,0.97494447,0.41083523,10.34586403
GunPoint,1.00000000,0.99333333,0.99333333,1.00000000,1.00000000,1.00000000,1.00000000,0.97333333,1.00000000,1.00000000,1.00000000,1.00000000,0.99333333,1.00000000,1.00000000,1.00000000,1.00000000,1.00000000,1.00000000,1.00000000,1.00000000,1.00000000,1.00000000,1.00000000,1.00000000,1.00000000,1.00000000,1.00000000,0.99333333,1.00000000,0.97333333,1.00000000,0.99822222,1.00000000,0.00514482,0.99996444,0.99823684,0.35412036,5.72764674
GunPointAgeSpan,1.00000000,0.99367089,0.99683544,1.00000000,0.99683544,0.99683544,0.99683544,1.00000000,0.99367089,1.00000000,0.98734177,1.00000000,1.00000000,1.00000000,0.99683544,1.00000000,1.00000000,0.99367089,1.00000000,0.99050633,0.98417722,0.99683544,0.99367089,0.99683544,0.99683544,1.00000000,0.99367089,1.00000000,1.00000000,0.99683544,0.98417722,1.00000000,0.99672996,0.99683544,0.00395956,0.99997062,0.99668546,0.34080264,7.92266023
GunPointMaleVersusFemale,1.00000000,1.00000000,1.00000000,1.00000000,1.00000000,1.00000000,1.00000000,1.00000000,1.00000000,1.00000000,1.00000000,1.00000000,1.00000000,1.00000000,1.00000000,1.00000000,1.00000000,1.00000000,1.00000000,1.00000000,1.00000000,1.00000000,1.00000000,1.00000000,1.00000000,1.00000000,1.00000000,1.00000000,1.00000000,1.00000000,1.00000000,1.00000000,1.00000000,1.00000000,0.00000000,1.00000000,1.00000000,0.33068426,8.45081042
GunPointOldVersusYoung,1.00000000,1.00000000,1.00000000,1.00000000,1.00000000,1.00000000,1.00000000,1.00000000,1.00000000,1.00000000,1.00000000,1.00000000,1.00000000,1.00000000,1.00000000,1.00000000,1.00000000,1.00000000,1.00000000,1.00000000,1.00000000,1.00000000,1.00000000,1.00000000,1.00000000,1.00000000,1.00000000,1.00000000,1.00000000,1.00000000,1.00000000,1.00000000,1.00000000,1.00000000,0.00000000,1.00000000,1.00000000,0.31720114,9.37301055
Ham,0.73333333,0.89523810,0.83809524,0.86666667,0.86666667,0.85714286,0.84761905,0.88571429,0.81904762,0.86666667,0.82857143,0.85714286,0.87619048,0.87619048,0.86666667,0.84761905,0.81904762,0.86666667,0.84761905,0.91428571,0.87619048,0.89523810,0.86666667,0.87619048,0.79047619,0.85714286,0.81904762,0.90476190,0.86666667,0.90476190,0.73333333,0.91428571,0.85777778,0.86666667,0.03613474,0.93134834,0.86282169,0.48960856,5.33670871
HandOutlines,0.95405405,0.96756757,0.95945946,0.94054054,0.94594595,0.94864865,0.94864865,0.94594595,0.93783784,0.95135135,0.95135135,0.94864865,0.95135135,0.95135135,0.95405405,0.95675676,0.95405405,0.96216216,0.95675676,0.96756757,0.94324324,0.97297297,0.93783784,0.94324324,0.93243243,0.95405405,0.96216216,0.95135135,0.95405405,0.96756757,0.93243243,0.97297297,0.95243243,0.95135135,0.00942981,0.98139296,0.96356992,0.39017512,26.66744246
Haptics,0.54545455,0.55194805,0.59090909,0.53896104,0.57467532,0.60714286,0.55844156,0.56818182,0.56818182,0.58116883,0.54870130,0.58441558,0.57467532,0.55844156,0.56493506,0.56168831,0.58116883,0.58441558,0.55844156,0.59090909,0.60389610,0.56493506,0.57142857,0.58116883,0.58116883,0.62337662,0.57142857,0.56168831,0.60714286,0.55194805,0.53896104,0.62337662,0.57370130,0.57142857,0.01953726,0.82744797,0.56153215,1.24306843,7.10244277
Herring,0.73437500,0.68750000,0.67187500,0.62500000,0.64062500,0.71875000,0.53125000,0.62500000,0.62500000,0.64062500,0.62500000,0.53125000,0.59375000,0.62500000,0.68750000,0.59375000,0.65625000,0.62500000,0.60937500,0.73437500,0.54687500,0.64062500,0.64062500,0.62500000,0.60937500,0.68750000,0.64062500,0.68750000,0.56250000,0.65625000,0.53125000,0.73437500,0.63593750,0.63281250,0.05168861,0.67561448,0.51565804,0.63613110,4.87348554
HouseTwenty,0.98319328,0.98319328,0.96638655,0.98319328,0.98319328,0.98319328,0.99159664,0.98319328,0.98319328,0.96638655,0.99159664,1.00000000,0.97478992,0.96638655,0.97478992,0.98319328,0.99159664,0.98319328,0.93277311,0.99159664,0.98319328,0.98319328,0.98319328,0.98319328,0.99159664,0.97478992,0.97478992,0.99159664,0.94957983,0.98319328,0.93277311,1.00000000,0.97983193,0.98319328,0.01312647,0.99436226,0.97656639,0.38217844,10.38283039
InlineSkate,0.52909091,0.53818182,0.52363636,0.52909091,0.50909091,0.53636364,0.50909091,0.51636364,0.50909091,0.53090909,0.50545455,0.54727273,0.52000000,0.51272727,0.50727273,0.52727273,0.51454545,0.54727273,0.57454545,0.50363636,0.54000000,0.55454545,0.54363636,0.54909091,0.52181818,0.56545455,0.50727273,0.55090909,0.52363636,0.54000000,0.50363636,0.57454545,0.52957576,0.52818182,0.01857712,0.85116576,0.54250929,1.56210687,16.91563986
InsectEPGRegularTrain,1.00000000,1.00000000,1.00000000,1.00000000,1.00000000,1.00000000,1.00000000,1.00000000,1.00000000,1.00000000,1.00000000,1.00000000,1.00000000,1.00000000,1.00000000,1.00000000,1.00000000,1.00000000,1.00000000,1.00000000,1.00000000,1.00000000,1.00000000,1.00000000,1.00000000,1.00000000,1.00000000,1.00000000,1.00000000,1.00000000,1.00000000,1.00000000,1.00000000,1.00000000,0.00000000,1.00000000,1.00000000,0.27115128,15.89173171
InsectEPGSmallTrain,1.00000000,1.00000000,1.00000000,1.00000000,0.98795181,1.00000000,1.00000000,1.00000000,1.00000000,1.00000000,1.00000000,1.00000000,0.92369478,1.00000000,1.00000000,1.00000000,1.00000000,1.00000000,0.93574297,1.00000000,1.00000000,1.00000000,1.00000000,1.00000000,1.00000000,0.99196787,0.99598394,1.00000000,1.00000000,1.00000000,0.92369478,1.00000000,0.99451138,1.00000000,0.01758172,0.99868696,0.99302778,0.34249123,3.30423894
InsectWingbeatSound,0.66818182,0.68080808,0.66969697,0.68080808,0.68636364,0.67676768,0.66818182,0.65909091,0.66464646,0.64747475,0.67979798,0.68535354,0.67020202,0.66565657,0.66111111,0.66717172,0.65656566,0.67272727,0.67222222,0.68131313,0.65909091,0.67020202,0.68383838,0.68787879,0.66666667,0.66262626,0.66767677,0.66868687,0.67424242,0.67626263,0.64747475,0.68787879,0.67104377,0.66994949,0.00947768,0.94387561,0.66417833,1.66037318,9.41770307
ItalyPowerDemand,0.96112731,0.95626822,0.96209913,0.96404276,0.96307094,0.97084548,0.96793003,0.96890185,0.97278912,0.96598639,0.96695821,0.96987366,0.96695821,0.96404276,0.94946550,0.96404276,0.97084548,0.96890185,0.97376093,0.92808552,0.96793003,0.96501458,0.96501458,0.96890185,0.96307094,0.95918367,0.96015549,0.95335277,0.95432459,0.96307094,0.92808552,0.97376093,0.96320052,0.96452867,0.00861848,0.99044577,0.96318865,0.37742067,3.84230555
LargeKitchenAppliances,0.87466667,0.94666667,0.96000000,0.94933333,0.95200000,0.95200000,0.95466667,0.96266667,0.94933333,0.95200000,0.94666667,0.93600000,0.96000000,0.95200000,0.95733333,0.93333333,0.94933333,0.94133333,0.94133333,0.94933333,0.94933333,0.95733333,0.94666667,0.94400000,0.93333333,0.94133333,0.96000000,0.94133333,0.96000000,0.95200000,0.87466667,0.96266667,0.94684444,0.94933333,0.01550239,0.98225067,0.94684683,0.41562137,12.37063886
Lightning2,0.78688525,0.77049180,0.80327869,0.85245902,0.80327869,0.86885246,0.85245902,0.90163934,0.90163934,0.77049180,0.78688525,0.80327869,0.73770492,0.72131148,0.77049180,0.72131148,0.83606557,0.86885246,0.88524590,0.78688525,0.75409836,0.73770492,0.86885246,0.75409836,0.88524590,0.85245902,0.78688525,0.81967213,0.85245902,0.78688525,0.72131148,0.90163934,0.81092896,0.80327869,0.05366332,0.90037928,0.85031793,0.52161122,8.23184042
Lightning7,0.86301370,0.82191781,0.79452055,0.76712329,0.80821918,0.79452055,0.80821918,0.75342466,0.84931507,0.84931507,0.75342466,0.87671233,0.82191781,0.86301370,0.76712329,0.79452055,0.79452055,0.79452055,0.80821918,0.80821918,0.75342466,0.78082192,0.82191781,0.78082192,0.89041096,0.82191781,0.79452055,0.89041096,0.82191781,0.83561644,0.75342466,0.89041096,0.81278539,0.80821918,0.03814904,0.97818122,0.81381070,1.15311135,4.33288157
Mallat,0.95394456,0.98166311,0.97014925,0.98336887,0.97739872,0.98208955,0.97185501,0.98976546,0.97313433,0.98294243,0.98550107,0.98336887,0.97825160,0.96162047,0.97953092,0.97697228,0.97654584,0.98464819,0.98933902,0.97782516,0.98379531,0.98635394,0.97654584,0.98208955,0.98763326,0.98422175,0.97782516,0.97995736,0.98678038,0.97142857,0.95394456,0.98976546,0.97921819,0.98081023,0.00772231,0.99945781,0.97916848,0.96494987,18.60332903
Meat,0.95000000,1.00000000,0.98333333,0.98333333,1.00000000,1.00000000,1.00000000,0.96666667,1.00000000,0.98333333,0.96666667,1.00000000,1.00000000,1.00000000,0.98333333,1.00000000,1.00000000,1.00000000,1.00000000,0.96666667,0.98333333,1.00000000,1.00000000,0.96666667,1.00000000,1.00000000,1.00000000,1.00000000,1.00000000,0.95000000,0.95000000,1.00000000,0.98944444,1.00000000,0.01580163,0.99991667,0.98940710,0.33309246,2.35592486
MedicalImages,0.79605263,0.81052632,0.78815789,0.82500000,0.82236842,0.81973684,0.83157895,0.79736842,0.82894737,0.81447368,0.78947368,0.82500000,0.83684211,0.82894737,0.82236842,0.81973684,0.81447368,0.82368421,0.81578947,0.83157895,0.81315789,0.82105263,0.82894737,0.80131579,0.81052632,0.81184211,0.81842105,0.84473684,0.83421053,0.82763158,0.78815789,0.84473684,0.81846491,0.82039474,0.01344633,0.96969313,0.78464141,1.34341268,8.67965779
MiddlePhalanxOutlineAgeGroup,0.61038961,0.70779221,0.74675325,0.73376623,0.72077922,0.75974026,0.72727273,0.70779221,0.76623377,0.74675325,0.77272727,0.71428571,0.66883117,0.72077922,0.75974026,0.77922078,0.71428571,0.74025974,0.78571429,0.75974026,0.76623377,0.74675325,0.74025974,0.73376623,0.77272727,0.68831169,0.73376623,0.71428571,0.66883117,0.78571429,0.61038961,0.78571429,0.73311688,0.73701299,0.03820883,0.83809114,0.65674536,0.71252071,3.90937023
MiddlePhalanxOutlineCorrect,0.84879725,0.85910653,0.89690722,0.83161512,0.89690722,0.86597938,0.84536082,0.88659794,0.82817869,0.84536082,0.84879725,0.86254296,0.82474227,0.85223368,0.86254296,0.81443299,0.85910653,0.85567010,0.85567010,0.85910653,0.86254296,0.86597938,0.82817869,0.87628866,0.86254296,0.85910653,0.85567010,0.86941581,0.85223368,0.84536082,0.81443299,0.89690722,0.85589920,0.85738832,0.01879976,0.93257711,0.88838890,0.47785903,5.80112905
MiddlePhalanxTW,0.55194805,0.61688312,0.61688312,0.57792208,0.60389610,0.59090909,0.55844156,0.59090909,0.58441558,0.60389610,0.60389610,0.60389610,0.62337662,0.61688312,0.57792208,0.56493506,0.57792208,0.64285714,0.60389610,0.60389610,0.57142857,0.59090909,0.58441558,0.60389610,0.59740260,0.64285714,0.62337662,0.56493506,0.61038961,0.57792208,0.55194805,0.64285714,0.59610390,0.60064935,0.02264363,0.80130892,0.36733732,1.23100295,2.84653795
MixedShapesRegularTrain,0.98556701,0.98804124,0.98721649,0.98845361,0.98226804,0.98721649,0.98185567,0.98597938,0.98268041,0.98927835,0.98432990,0.99010309,0.98432990,0.98391753,0.98268041,0.98804124,0.98515464,0.98309278,0.99010309,0.98350515,0.99051546,0.97979381,0.98556701,0.98103093,0.98515464,0.98432990,0.98226804,0.98597938,0.98268041,0.98268041,0.97979381,0.99051546,0.98512715,0.98474227,0.00283295,0.99949779,0.98518476,0.52875835,19.02256795
MixedShapesSmallTrain,0.97319588,0.96247423,0.96989691,0.96948454,0.95546392,0.96041237,0.97360825,0.96948454,0.97278351,0.96494845,0.96865979,0.96907216,0.96000000,0.95876289,0.96082474,0.95752577,0.97237113,0.96000000,0.95175258,0.96082474,0.97154639,0.95958763,0.96453608,0.97113402,0.96453608,0.96907216,0.96824742,0.96288660,0.97484536,0.95958763,0.95175258,0.97484536,0.96525086,0.96474227,0.00602771,0.99717146,0.96509491,0.60929911,16.09043566
MoteStrain,0.94169329,0.91214058,0.92012780,0.95127796,0.95367412,0.93690096,0.90575080,0.95047923,0.91693291,0.95846645,0.88977636,0.89137380,0.94249201,0.90495208,0.94249201,0.94009585,0.93530351,0.91214058,0.94089457,0.90654952,0.95607029,0.89696486,0.94488818,0.94169329,0.91773163,0.92811502,0.88338658,0.85143770,0.91773163,0.92971246,0.85143770,0.95846645,0.92404153,0.92891374,0.02482159,0.97700328,0.91871994,0.44988771,3.72968685
NonInvasiveFetalECGThorax1,0.95674300,0.95725191,0.96590331,0.95725191,0.96234097,0.95928753,0.95877863,0.95368957,0.95826972,0.96386768,0.95725191,0.96132316,0.95674300,0.95826972,0.96692112,0.96183206,0.96539440,0.96488550,0.95674300,0.95674300,0.96030534,0.95826972,0.95776081,0.95928753,0.95674300,0.96081425,0.96284987,0.96590331,0.96081425,0.95877863,0.95368957,0.96692112,0.96003393,0.95903308,0.00336220,0.99920034,0.95830112,2.40830342,39.08847089
NonInvasiveFetalECGThorax2,0.96895674,0.96386768,0.96895674,0.97302799,0.96132316,0.96793893,0.96844784,0.96743003,0.96641221,0.96590331,0.96590331,0.96539440,0.97099237,0.96895674,0.96692112,0.96590331,0.96488550,0.95979644,0.96437659,0.96641221,0.96183206,0.96488550,0.96234097,0.96641221,0.96386768,0.96386768,0.96488550,0.96386768,0.96335878,0.96946565,0.95979644,0.97302799,0.96588634,0.96590331,0.00287726,0.99883948,0.96407867,2.29700819,50.93873453
OSULeaf,0.98760331,0.97933884,0.97107438,0.98347107,0.97933884,0.98347107,0.97107438,0.97520661,0.98760331,0.98347107,0.99586777,0.97933884,0.99586777,0.98760331,0.97107438,0.97933884,0.98347107,0.97520661,0.98760331,0.98760331,0.98347107,0.98347107,0.97933884,0.97933884,0.99173554,0.98347107,0.99173554,0.97520661,0.97107438,0.96694215,0.96694215,0.99586777,0.98168044,0.98347107,0.00736754,0.99817106,0.98223587,0.72738113,4.04214167
OliveOil,0.96666667,0.93333333,0.90000000,0.90000000,0.86666667,0.93333333,0.86666667,0.90000000,0.90000000,0.90000000,0.93333333,1.00000000,1.00000000,0.90000000,0.90000000,0.90000000,0.96666667,0.83333333,0.90000000,0.83333333,0.90000000,0.96666667,0.90000000,0.86666667,0.96666667,0.90000000,0.90000000,0.90000000,1.00000000,0.83333333,0.83333333,1.00000000,0.91222222,0.90000000,0.04593339,0.98450209,0.88999434,0.61925117,2.46604257
PhalangesOutlinesCorrect,0.85081585,0.86130536,0.86013986,0.86829837,0.87762238,0.86946387,0.87296037,0.86013986,0.87062937,0.86247086,0.87062937,0.87645688,0.88461538,0.86596737,0.86013986,0.85314685,0.84615385,0.86829837,0.87296037,0.84731935,0.88927739,0.87179487,0.84731935,0.86713287,0.86247086,0.87296037,0.87762238,0.87995338,0.86480186,0.87645688,0.84615385,0.88927739,0.86697747,0.86829837,0.01068934,0.92928569,0.89987868,0.48081862,11.33965059
Phoneme,0.35073840,0.37869198,0.36603376,0.38924051,0.35495781,0.37658228,0.35917722,0.37289030,0.37552743,0.36761603,0.33280591,0.35495781,0.35390295,0.34599156,0.36656118,0.36867089,0.34757384,0.39029536,0.35179325,0.37025316,0.36919831,0.35495781,0.37658228,0.36234177,0.38343882,0.37130802,0.39504219,0.35126582,0.37236287,0.35126582,0.33280591,0.39504219,0.36540084,0.36708861,0.01435297,nan,0.20346222,nan,11.74286652
PigAirwayPressure,0.89423077,0.90865385,0.85096154,0.84615385,0.84134615,0.86538462,0.88461538,0.85096154,0.84134615,0.88942308,0.83173077,0.82211538,0.89903846,0.86538462,0.88461538,0.87500000,0.79807692,0.86538462,0.88942308,0.87019231,0.87019231,0.86538462,0.88461538,0.87019231,0.83653846,0.90384615,0.88461538,0.89423077,0.85576923,0.86057692,0.79807692,0.90865385,0.86666667,0.86778846,0.02537725,0.99440281,0.86196678,3.24436138,7.88032577
PigArtPressure,0.99038462,0.96153846,0.97115385,0.93269231,0.95673077,0.96634615,0.96153846,0.94230769,0.98557692,0.93750000,0.97115385,0.95673077,0.93269231,0.96153846,0.95192308,0.94711538,0.94711538,0.93750000,0.98076923,0.96634615,0.98076923,0.95673077,0.97596154,0.93750000,0.92307692,0.89903846,0.92307692,0.97115385,0.94230769,0.96153846,0.89903846,0.99038462,0.95432692,0.95673077,0.02057595,0.99943753,0.95071490,2.62869199,7.07240386
PigCVP,0.95192308,0.88461538,0.87500000,0.91826923,0.92307692,0.88942308,0.89903846,0.88461538,0.93750000,0.90384615,0.92307692,0.89423077,0.91346154,0.89903846,0.92307692,0.91346154,0.93269231,0.90865385,0.90384615,0.90865385,0.90865385,0.88942308,0.92307692,0.91346154,0.87500000,0.94230769,0.89903846,0.89903846,0.90384615,0.88942308,0.87500000,0.95192308,0.90769231,0.90625000,0.01876027,0.99332736,0.90127570,2.97847653,8.24368260
Plane,1.00000000,1.00000000,1.00000000,1.00000000,1.00000000,1.00000000,1.00000000,1.00000000,1.00000000,1.00000000,1.00000000,1.00000000,1.00000000,1.00000000,1.00000000,1.00000000,1.00000000,1.00000000,1.00000000,1.00000000,1.00000000,1.00000000,1.00000000,1.00000000,1.00000000,1.00000000,1.00000000,1.00000000,1.00000000,1.00000000,1.00000000,1.00000000,1.00000000,1.00000000,0.00000000,1.00000000,1.00000000,0.63511984,3.73337253
PowerCons,0.97777778,0.97222222,0.96111111,0.97777778,0.97777778,0.98333333,0.96666667,0.98333333,0.97777778,0.96111111,0.97222222,0.98888889,0.96111111,0.94444444,0.94444444,0.97222222,0.96666667,0.95555556,0.97777778,0.97777778,0.97222222,1.00000000,0.96666667,0.96666667,0.96666667,0.96666667,0.96111111,0.97777778,0.98888889,0.96666667,0.94444444,1.00000000,0.97111111,0.97222222,0.01194983,0.99604527,0.97116438,0.37575794,6.48676564
ProximalPhalanxOutlineAgeGroup,0.85853659,0.83414634,0.82926829,0.85365854,0.82439024,0.87317073,0.83414634,0.80975610,0.82926829,0.85365854,0.86341463,0.84878049,0.83902439,0.86341463,0.88292683,0.85853659,0.86829268,0.83414634,0.84878049,0.84878049,0.84878049,0.82926829,0.83414634,0.84390244,0.82926829,0.83902439,0.85365854,0.83902439,0.83414634,0.86341463,0.80975610,0.88292683,0.84569106,0.84634146,0.01610413,0.93927922,0.80798407,0.52386923,3.20428032
ProximalPhalanxOutlineCorrect,0.90721649,0.88316151,0.91752577,0.92096220,0.89690722,0.88316151,0.87285223,0.92439863,0.89003436,0.92096220,0.89690722,0.91065292,0.90378007,0.87972509,0.90378007,0.89690722,0.87972509,0.91408935,0.88316151,0.91752577,0.91408935,0.94158076,0.91408935,0.90378007,0.92096220,0.90721649,0.90721649,0.91408935,0.94158076,0.88316151,0.87285223,0.94158076,0.90504009,0.90721649,0.01746578,0.95161335,0.93323105,0.46500474,4.73379555
ProximalPhalanxTW,0.81463415,0.82439024,0.82439024,0.84390244,0.77073171,0.80487805,0.82439024,0.80000000,0.83414634,0.82439024,0.80000000,0.82439024,0.80487805,0.80000000,0.82926829,0.82439024,0.82926829,0.84390244,0.84878049,0.81463415,0.80000000,0.81951220,0.82439024,0.81463415,0.85853659,0.83414634,0.83902439,0.79512195,0.82926829,0.81463415,0.77073171,0.85853659,0.82048780,0.82439024,0.01809487,0.92243872,0.53378473,0.89737994,2.67367683
RefrigerationDevices,0.56800000,0.84800000,0.86133333,0.80800000,0.79466667,0.81066667,0.80000000,0.84000000,0.82933333,0.80266667,0.79466667,0.82133333,0.78666667,0.82400000,0.81866667,0.82400000,0.82933333,0.83200000,0.83466667,0.81333333,0.80533333,0.82400000,0.74933333,0.83200000,0.82666667,0.78133333,0.83200000,0.80533333,0.82666667,0.77333333,0.56800000,0.86133333,0.80657778,0.82000000,0.04980666,0.92226560,0.80504338,0.64011031,7.52105519
Rock,0.88000000,0.84000000,0.88000000,0.92000000,0.80000000,0.92000000,0.94000000,0.92000000,0.90000000,0.98000000,0.86000000,0.86000000,0.86000000,0.84000000,0.84000000,0.84000000,0.92000000,0.86000000,0.88000000,0.82000000,0.96000000,0.90000000,0.86000000,0.80000000,0.90000000,0.80000000,0.92000000,0.92000000,0.92000000,0.86000000,0.80000000,0.98000000,0.88000000,0.88000000,0.04618802,0.97816779,0.87431788,0.65245703,18.67364887
ScreenType,0.55200000,0.68266667,0.70400000,0.69866667,0.66400000,0.71733333,0.70666667,0.65600000,0.69333333,0.73066667,0.67733333,0.69333333,0.74666667,0.68000000,0.69866667,0.71466667,0.70666667,0.70400000,0.72266667,0.71200000,0.70400000,0.72533333,0.70133333,0.72800000,0.70666667,0.69333333,0.68800000,0.71733333,0.68266667,0.72800000,0.55200000,0.74666667,0.69786667,0.70400000,0.03355588,0.85486329,0.69720591,0.79145284,25.33757795
SemgHandGenderCh2,0.93833333,0.93833333,0.92500000,0.95666667,0.95333333,0.95500000,0.95500000,0.94666667,0.95166667,0.95333333,0.94833333,0.94833333,0.95166667,0.93500000,0.93833333,0.95166667,0.93833333,0.94666667,0.94666667,0.94833333,0.94500000,0.95833333,0.94833333,0.93833333,0.94333333,0.94166667,0.94166667,0.94333333,0.94166667,0.93500000,0.92500000,0.95833333,0.94544444,0.94666667,0.00751459,0.98868524,0.92921720,0.45122640,13.37971317
SemgHandMovementCh2,0.74666667,0.78000000,0.77111111,0.74222222,0.75111111,0.74666667,0.76000000,0.75111111,0.78888889,0.78666667,0.80222222,0.80000000,0.78666667,0.76222222,0.75333333,0.76888889,0.80222222,0.80666667,0.76222222,0.76888889,0.77555556,0.74222222,0.76222222,0.76666667,0.77111111,0.79333333,0.74666667,0.75333333,0.77111111,0.76444444,0.74222222,0.80666667,0.76948148,0.76777778,0.01886433,0.95405630,0.76994828,1.23621598,25.92439944
SemgHandSubjectCh2,0.91555556,0.94444444,0.93333333,0.92444444,0.93333333,0.95111111,0.90888889,0.92444444,0.93111111,0.94888889,0.93555556,0.93777778,0.94444444,0.93333333,0.92222222,0.91777778,0.90888889,0.94666667,0.95333333,0.91555556,0.93333333,0.93555556,0.93555556,0.91333333,0.92888889,0.95111111,0.93111111,0.92888889,0.94000000,0.92000000,0.90888889,0.95333333,0.93162963,0.93333333,0.01247461,0.99416523,0.93141941,0.83422172,14.72158586
ShapeletSim,1.00000000,1.00000000,1.00000000,0.98888889,0.97222222,1.00000000,1.00000000,1.00000000,1.00000000,1.00000000,1.00000000,1.00000000,1.00000000,1.00000000,1.00000000,1.00000000,0.99444444,1.00000000,1.00000000,1.00000000,1.00000000,1.00000000,0.99444444,0.99444444,1.00000000,1.00000000,1.00000000,1.00000000,1.00000000,0.99444444,0.97222222,1.00000000,0.99796296,1.00000000,0.00545904,0.99988066,0.99797011,0.45212477,3.64755465
ShapesAll,0.95166667,0.97166667,0.96500000,0.96000000,0.97166667,0.96666667,0.96833333,0.95333333,0.96833333,0.96833333,0.95666667,0.96833333,0.95833333,0.96166667,0.96333333,0.95500000,0.96333333,0.95166667,0.96833333,0.96500000,0.96833333,0.96333333,0.96166667,0.95166667,0.97333333,0.95666667,0.96666667,0.97000000,0.95166667,0.96666667,0.95166667,0.97333333,0.96288889,0.96416667,0.00660994,0.99800056,0.96246083,2.79223300,16.49682219
SmallKitchenAppliances,0.80800000,0.86933333,0.84266667,0.84533333,0.86933333,0.83200000,0.82400000,0.86400000,0.86666667,0.86400000,0.82933333,0.86400000,0.82933333,0.84800000,0.81333333,0.85333333,0.84000000,0.84266667,0.83733333,0.85866667,0.85333333,0.85066667,0.83733333,0.87466667,0.83466667,0.85333333,0.85866667,0.85866667,0.86400000,0.86933333,0.80800000,0.87466667,0.84853333,0.85200000,0.01706667,0.95725618,0.84874298,0.53695342,20.75310160
SmoothSubspace,0.97333333,0.99333333,0.98666667,1.00000000,0.99333333,0.98000000,0.98000000,0.99333333,0.98666667,0.98666667,0.98000000,0.98666667,0.98000000,0.99333333,0.98666667,1.00000000,0.98666667,0.99333333,0.99333333,0.97333333,0.99333333,0.98000000,0.98000000,0.98666667,0.98666667,0.97333333,0.98000000,0.97333333,1.00000000,0.99333333,0.97333333,1.00000000,0.98644444,0.98666667,0.00797837,0.99954222,0.98642631,0.38151533,1.14877024
SonyAIBORobotSurface1,0.91680532,0.96838602,0.98336106,0.95341098,0.96838602,0.97670549,0.97836938,0.98169717,0.98336106,0.97504160,0.98169717,0.97670549,0.97004992,0.96339434,0.98668885,0.97171381,0.97836938,0.98003328,0.99334443,0.96173045,0.97504160,0.94841930,0.94841930,0.99334443,0.97004992,0.97004992,0.94176373,0.97504160,0.98502496,0.97171381,0.91680532,0.99334443,0.97093733,0.97504160,0.01587680,0.99805780,0.96772926,0.40539093,1.90495291
SonyAIBORobotSurface2,0.94963274,0.96537251,0.91710388,0.96117524,0.93284365,0.89087093,0.96747114,0.96956978,0.97691501,0.93913956,0.92025184,0.96852046,0.96117524,0.94228751,0.94858342,0.89087093,0.89087093,0.94753410,0.90241343,0.95173137,0.95487933,0.94858342,0.92549843,0.95068206,0.95592865,0.94228751,0.97481637,0.93704092,0.94228751,0.95278069,0.89087093,0.97691501,0.94263729,0.94858342,0.02407696,0.98946019,0.95443886,0.42650835,2.20134797
StarLightCurves,0.98215153,0.98020884,0.98312288,0.97668771,0.97935891,0.98105877,0.97935891,0.98093735,0.98093735,0.98069451,0.98203011,0.98227295,0.98239437,0.98190869,0.98118018,0.98203011,0.98020884,0.97911608,0.98020884,0.98300146,0.98057309,0.98105877,0.98227295,0.98008742,0.98203011,0.98203011,0.98130160,0.98081593,0.98020884,0.98093735,0.97668771,0.98312288,0.98100615,0.98099806,0.00130910,0.99356258,0.97132587,0.29558924,64.47586752
Strawberry,0.98378378,0.97297297,0.98108108,0.97837838,0.98378378,0.98108108,0.98648649,0.97297297,0.98108108,0.97837838,0.97837838,0.97837838,0.98108108,0.98378378,0.97837838,0.99459459,0.97837838,0.97837838,0.97837838,0.98378378,0.98378378,0.96756757,0.98378378,0.98108108,0.98378378,0.97027027,0.98378378,0.98108108,0.97027027,0.97027027,0.96756757,0.99459459,0.97963964,0.98108108,0.00557104,0.99574792,0.98407345,0.35240616,8.77321554
SwedishLeaf,0.98240000,0.97760000,0.97600000,0.97280000,0.98240000,0.96640000,0.98560000,0.98240000,0.99200000,0.97280000,0.97280000,0.98080000,0.97760000,0.97440000,0.97920000,0.97760000,0.98080000,0.98240000,0.97760000,0.98400000,0.97600000,0.97600000,0.97440000,0.98240000,0.98720000,0.97920000,0.98400000,0.97920000,0.97600000,0.98720000,0.96640000,0.99200000,0.97930667,0.97920000,0.00522449,0.99941010,0.97925754,1.35040983,6.23980558
Symbols,0.97989950,0.97085427,0.96783920,0.98592965,0.98793970,0.98492462,0.98994975,0.96281407,0.98894472,0.96783920,0.97487437,0.98391960,0.97587940,0.97889447,0.98492462,0.97085427,0.97587940,0.98492462,0.98391960,0.97788945,0.98693467,0.98190955,0.97989950,0.97587940,0.98592965,0.99296482,0.98391960,0.98592965,0.97989950,0.97386935,0.96281407,0.99296482,0.98020101,0.98090452,0.00722011,0.99750542,0.98027848,0.69170561,6.37865515
SyntheticControl,0.99333333,0.99666667,0.99666667,0.99000000,0.99333333,0.99333333,0.99666667,1.00000000,1.00000000,0.99333333,0.99666667,1.00000000,1.00000000,0.99666667,0.99000000,0.99666667,0.98666667,0.99333333,0.99333333,0.99666667,0.99000000,0.99333333,1.00000000,0.99333333,0.99666667,0.99666667,0.99666667,0.99666667,0.99000000,0.99333333,0.98666667,1.00000000,0.99500000,0.99666667,0.00341565,0.99996622,0.99499227,0.67919710,2.66247800
ToeSegmentation1,0.96929825,0.95175439,0.97368421,0.94298246,0.93859649,0.92982456,0.95614035,0.93859649,0.96052632,0.96052632,0.95175439,0.96929825,0.96929825,0.91666667,0.96052632,0.95175439,0.96052632,0.94298246,0.96929825,0.90789474,0.93421053,0.93421053,0.94298246,0.97807018,0.92543860,0.92543860,0.92982456,0.95175439,0.95614035,0.92982456,0.90789474,0.97807018,0.94766082,0.95175439,0.01772325,0.99015728,0.94442516,0.41492821,5.02296709
ToeSegmentation2,0.92307692,0.96153846,0.97692308,0.93846154,0.95384615,0.88461538,0.95384615,0.93076923,0.98461538,0.96153846,0.97692308,0.96923077,0.90769231,0.93076923,0.91538462,0.93846154,0.95384615,0.96153846,0.97692308,0.92307692,0.93846154,0.90769231,0.89230769,0.98461538,0.96923077,0.94615385,0.97692308,0.94615385,0.94615385,0.91538462,0.88461538,0.98461538,0.94487179,0.94615385,0.02702058,0.98952771,0.87868829,0.40064054,3.11770850
Trace,1.00000000,1.00000000,1.00000000,1.00000000,1.00000000,1.00000000,1.00000000,1.00000000,1.00000000,1.00000000,1.00000000,1.00000000,1.00000000,1.00000000,1.00000000,1.00000000,1.00000000,1.00000000,1.00000000,1.00000000,1.00000000,1.00000000,1.00000000,1.00000000,1.00000000,1.00000000,1.00000000,1.00000000,1.00000000,1.00000000,1.00000000,1.00000000,1.00000000,1.00000000,0.00000000,1.00000000,1.00000000,0.37091732,28.17310675
TwoLeadECG,0.99824407,0.99824407,0.99736611,0.99561018,1.00000000,0.98946444,0.99561018,1.00000000,0.99473222,0.99297629,0.99824407,0.99824407,0.99824407,0.99824407,0.99824407,0.99736611,0.99912204,0.99912204,0.99912204,0.99912204,0.99824407,0.99736611,0.99736611,0.99912204,1.00000000,0.99297629,0.99648815,0.99824407,0.99824407,0.99824407,0.98946444,1.00000000,0.99745391,0.99824407,0.00230455,0.99994142,0.99745152,0.37723751,4.08991899
TwoPatterns,1.00000000,1.00000000,1.00000000,1.00000000,1.00000000,1.00000000,1.00000000,1.00000000,1.00000000,1.00000000,1.00000000,0.99975000,1.00000000,1.00000000,1.00000000,1.00000000,1.00000000,0.99975000,1.00000000,1.00000000,1.00000000,1.00000000,1.00000000,1.00000000,1.00000000,1.00000000,1.00000000,1.00000000,0.99975000,1.00000000,0.99975000,1.00000000,0.99997500,1.00000000,0.00007500,1.00000000,0.99997550,0.43293488,7.60928875
UMD,0.99305556,0.99305556,0.99305556,0.99305556,0.97222222,0.96527778,0.99305556,0.98611111,0.99305556,0.97916667,0.97916667,1.00000000,0.99305556,0.98611111,0.97916667,0.99305556,0.97916667,1.00000000,0.99305556,0.97916667,1.00000000,0.99305556,0.97916667,0.99305556,0.97916667,0.99305556,0.98611111,0.98611111,0.98611111,0.97916667,0.96527778,1.00000000,0.98726852,0.98958333,0.00842605,0.99830006,0.98720931,0.37251021,1.45273370
UWaveGestureLibraryAll,0.97878280,0.97934115,0.98185371,0.98520380,0.97906198,0.97878280,0.98799553,0.97962032,0.98269123,0.98101619,0.98129537,0.97682859,0.97794528,0.98297041,0.98771636,0.98352875,0.98269123,0.98324958,0.98604132,0.98017867,0.98464545,0.98185371,0.98548297,0.98157454,0.98101619,0.98157454,0.98269123,0.98324958,0.98576214,0.98297041,0.97682859,0.98799553,0.98225386,0.98227247,0.00274924,0.99926666,0.98220774,0.85652389,28.40943374
UWaveGestureLibraryX,0.86627582,0.87744277,0.88525963,0.88274707,0.88581798,0.87353434,0.87911781,0.88246790,0.87493021,0.88051368,0.87520938,0.87353434,0.86711334,0.88302624,0.88163037,0.87995533,0.88414294,0.88358459,0.87688442,0.87967616,0.87967616,0.87995533,0.88302624,0.88693467,0.88135120,0.88135120,0.87297599,0.87576773,0.87102178,0.88442211,0.86627582,0.88693467,0.87897822,0.87995533,0.00522224,0.98486145,0.87621405,1.07107860,12.24546476
UWaveGestureLibraryY,0.81267448,0.82830821,0.82104969,0.82774986,0.81853713,0.82412060,0.82328308,0.82384143,0.81127862,0.80960357,0.81239531,0.82914573,0.82272473,0.83277499,0.81658291,0.81183696,0.80429927,0.82188721,0.80039084,0.82300391,0.80876605,0.82719151,0.81490787,0.82384143,0.82495812,0.81518705,0.81937465,0.82830821,0.82719151,0.81127862,0.80039084,0.83277499,0.81921645,0.82146845,0.00794107,0.97198526,0.81760965,1.20336439,12.88525856
UWaveGestureLibraryZ,0.82523730,0.81630374,0.82188721,0.81518705,0.83026242,0.82579564,0.82523730,0.82691234,0.81574539,0.83612507,0.82663317,0.83054160,0.83193747,0.82328308,0.83696259,0.84561697,0.82830821,0.83891681,0.83221664,0.82830821,0.83026242,0.81518705,0.83193747,0.82970408,0.82579564,0.82858738,0.83556672,0.82244556,0.82802903,0.83026242,0.81518705,0.84561697,0.82797320,0.82830821,0.00693056,0.97666912,0.82522913,1.15476235,12.75898314
Wafer,1.00000000,1.00000000,1.00000000,1.00000000,1.00000000,1.00000000,1.00000000,1.00000000,1.00000000,1.00000000,1.00000000,1.00000000,1.00000000,1.00000000,1.00000000,1.00000000,1.00000000,1.00000000,1.00000000,1.00000000,1.00000000,1.00000000,1.00000000,1.00000000,1.00000000,1.00000000,1.00000000,1.00000000,1.00000000,1.00000000,1.00000000,1.00000000,1.00000000,1.00000000,0.00000000,1.00000000,1.00000000,0.31637847,10.40899927
Wine,0.90740741,0.88888889,0.94444444,1.00000000,0.96296296,0.87037037,0.92592593,0.92592593,1.00000000,0.96296296,0.92592593,0.94444444,1.00000000,0.88888889,0.85185185,0.94444444,0.94444444,0.94444444,0.94444444,0.92592593,0.94444444,0.94444444,1.00000000,1.00000000,0.92592593,0.83333333,0.94444444,0.96296296,0.88888889,1.00000000,0.83333333,1.00000000,0.93827160,0.94444444,0.04364857,0.98109182,0.93461613,0.43303041,1.68034129
WordSynonyms,0.76645768,0.81034483,0.80877743,0.82131661,0.80877743,0.77586207,0.81661442,0.81034483,0.79937304,0.80094044,0.81034483,0.78526646,0.79467085,0.79310345,0.80407524,0.81191223,0.83542320,0.79623824,0.77742947,0.80407524,0.82445141,0.80250784,0.78526646,0.76645768,0.83228840,0.78526646,0.81191223,0.77899687,0.78056426,0.79623824,0.76645768,0.83542320,0.79984326,0.80172414,0.01764582,0.96444855,0.68519076,2.25041908,18.18939696
Worms,0.75324675,0.79220779,0.75324675,0.84415584,0.76623377,0.75324675,0.70129870,0.80519481,0.84415584,0.72727273,0.67532468,0.74025974,0.75324675,0.71428571,0.81818182,0.77922078,0.79220779,0.75324675,0.79220779,0.77922078,0.84415584,0.74025974,0.77922078,0.77922078,0.74025974,0.84415584,0.75324675,0.80519481,0.74025974,0.80519481,0.67532468,0.84415584,0.77229437,0.77272727,0.04224718,0.94220646,0.74658873,0.91961756,20.08308105
WormsTwoClass,0.79220779,0.80519481,0.80519481,0.81818182,0.79220779,0.79220779,0.71428571,0.83116883,0.77922078,0.77922078,0.79220779,0.77922078,0.81818182,0.75324675,0.87012987,0.79220779,0.75324675,0.83116883,0.77922078,0.81818182,0.83116883,0.79220779,0.80519481,0.84415584,0.79220779,0.87012987,0.84415584,0.83116883,0.80519481,0.80519481,0.71428571,0.87012987,0.80389610,0.80519481,0.03274342,0.88652433,0.83629854,0.51022738,16.30181909
Yoga,0.95100000,0.95500000,0.94200000,0.96100000,0.95066667,0.96466667,0.94600000,0.95100000,0.95466667,0.94766667,0.95966667,0.93566667,0.95133333,0.94800000,0.94266667,0.95066667,0.95966667,0.94733333,0.94600000,0.95233333,0.94000000,0.95166667,0.95000000,0.96166667,0.95300000,0.94333333,0.94233333,0.95933333,0.93700000,0.94533333,0.93566667,0.96466667,0.95002222,0.95066667,0.00725868,0.98712059,0.95374173,0.42585344,9.44073930
MEAN,0.87704926,0.89901297,0.89819546,0.89988274,0.89480320,0.89760470,0.89353072,0.89778954,0.90068738,0.89977034,0.89512628,0.89985324,0.89503042,0.89467663,0.89590524,0.89257412,0.89507196,0.89660954,0.89870733,0.89446859,0.89694985,0.89702554,0.89516084,0.89872691,0.89858211,0.89509794,0.89974390,0.90027528,0.89556895,0.89577512,0.84671998,0.92428926,0.89630854,0.89802180,0.01771253,0.96689105,0.87440781,0.85210262,12.47352593
MIN,0.35073840,0.37869198,0.36603376,0.38924051,0.35495781,0.37658228,0.35917722,0.37289030,0.37552743,0.36761603,0.33280591,0.35495781,0.35390295,0.34599156,0.36656118,0.36867089,0.34757384,0.39029536,0.35179325,0.37025316,0.36919831,0.35495781,0.37658228,0.36234177,0.38343882,0.37130802,0.39504219,0.35126582,0.37236287,0.35126582,0.33280591,0.39504219,0.36540084,0.36708861,0.00000000,0.67561448,0.14521483,0.27115128,1.01319817
MAX,1.00000000,1.00000000,1.00000000,1.00000000,1.00000000,1.00000000,1.00000000,1.00000000,1.00000000,1.00000000,1.00000000,1.00000000,1.00000000,1.00000000,1.00000000,1.00000000,1.00000000,1.00000000,1.00000000,1.00000000,1.00000000,1.00000000,1.00000000,1.00000000,1.00000000,1.00000000,1.00000000,1.00000000,1.00000000,1.00000000,1.00000000,1.00000000,1.00000000,1.00000000,0.07286890,1.00000000,1.00000000,3.24436138,108.65559352
STD,0.13533734,0.11319421,0.11252030,0.11337676,0.11574593,0.11077076,0.12022556,0.11581359,0.11511083,0.11391838,0.11870737,0.11738465,0.11672053,0.11704929,0.11300137,0.11575056,0.11794881,0.10966960,0.11451343,0.11266980,0.11661103,0.11488364,0.11285216,0.11432364,0.11356242,0.11314476,0.11299617,0.11332595,0.11609155,0.11403949,0.13815133,0.10264607,0.11311804,0.11325888,0.01535369,0.05602799,0.15942439,0.66804702,14.86551520
